Name,Movies,Awards,Notes
Aaron Sorkin,"Molly's Game (2017), The Trial of the Chicago 7 (2020)",,
Adam McKay,"Anchorman: The Legend of Ron Burgundy (2004), Talladega Nights: The Ballad of Ricky Bobby (2006), Step Brothers (2008), The Other Guys (2010), Anchorman 2: The Legend Continues (2013), The Big Short (2015), Vice (2018), Don't Look Up (2021)","The Big Short (2015), Vice (2018)",
Akira Kurosawa,"Rashomon (1951), Ikiru (1956), Seven Samurai (1956), The Hidden Fortress (1960), Yojimbo (1961), Sanjuro (1963), Stray Dog (1963), High and Low (1963), Dodes'ka-den (1974), Dersu Uzala (1977), Kagemusha (1980), Ran (1985), Rhapsody in August (1991)",Ran (1985),
Alejandro G. Iñárritu,"21 Grams (2003), Babel (2006), Birdman or (The Unexpected Virtue of Ignorance) (2014), The Revenant (2015)","Babel (2006), Birdman or (The Unexpected Virtue of Ignorance) (2014), The Revenant (2015)",
Alexander Payne,"Election (1999), About Schmidt (2002), Sideways (2004), The Descendants (2011), Nebraska (2013), Downsizing (2017)","Sideways (2004), The Descendants (2011), Nebraska (2013)",
Alfonso Cuarón,"A Little Princess (1995), Great Expectations (1998), Y tu mamá también (2002), Harry Potter and the Prisoner of Azkaban (2004), Children of Men (2006), Gravity (2013), Roma (2018)","Gravity (2013), Roma (2018)",
Alfred Hitchcock,"The 39 Steps (1935), Secret Agent (1936), The Lady Vanishes (1938), Rebecca (1940), Foreign Correspondent (1940), Suspicion (1941), Saboteur (1942), Shadow of a Doubt (1943), Lifeboat (1944), Spellbound (1945), Notorious (1946), The Paradine Case (1947), Rope (1948), Stage Fright (1950), Strangers on a Train (1951), Rear Window (1954), To Catch a Thief (1955), The Trouble with Harry (1955), The Man Who Knew Too Much (1956), The Wrong Man (1956), Vertigo (1958), North by Northwest (1959), Psycho (1960), The Birds (1963), Marnie (1964), Torn Curtain (1966), Frenzy (1972), Family Plot (1976)","Rebecca (1940), Lifeboat (1944), Spellbound (1945), Rear Window (1954), Psycho (1960)",
Amy Heckerling,"Fast Times at Ridgemont High (1982), Johnny Dangerously (1984), National Lampoon's European Vacation (1985), Look Who's Talking (1989), Look Who's Talking Too (1990), Clueless (1995)",,
Andy Serkis,"Mowgli: Legend of the Jungle (2018), Venom: Let There Be Carnage (2021)",,
Ang Lee,"Sense and Sensibility (1995), The Ice Storm (1997), Ride with the Devil (1999), Crouching Tiger, Hidden Dragon (2000), Hulk (2003), Brokeback Mountain (2005), Life of Pi (2012), Billy Lynn's Long Halftime Walk (2016), Gemini Man (2019)","Crouching Tiger, Hidden Dragon (2000), Brokeback Mountain (2005), Life of Pi (2012)",
Angelina Jolie,"In the Land of Blood and Honey (2011), Unbroken (2014), By the Sea (2015), First They Killed My Father (2017)",,
Anthony Russo,"You, Me and Dupree (2006), Captain America: The Winter Soldier (2014), Captain America: Civil War (2016), Avengers: Infinity War (2018), Avengers: Endgame (2019), Cherry (2021)",,
Antoine Fuqua,"Training Day (2001), Tears of the Sun (2003), King Arthur (2004), Shooter (2007), Olympus Has Fallen (2013), The Equalizer (2014), Southpaw (2015), The Magnificent Seven (2016), The Equalizer 2 (2018), The Guilty (2021)",,
Ava DuVernay,"I Will Follow (2011), Selma (2014), 13th (2016), A Wrinkle in Time (2018)",,
Barbra Streisand,"Yentl (1983), The Prince of Tides (1991), The Mirror Has Two Faces (1996)",,
Barry Jenkins,"Moonlight (2016), If Beale Street Could Talk (2018)",Moonlight (2016),
Barry Levinson,"The Natural (1984), Young Sherlock Holmes (1985), Good Morning, Vietnam (1987), Rain Man (1988), Bugsy (1991), Toys (1992), Disclosure (1994), Sleepers (1996), Wag the Dog (1997), Sphere (1998), Bandits (2001), Envy (2004), Man of the Year (2006), Rock the Kasbah (2015)","Rain Man (1988), Bugsy (1991)",
Ben Affleck,"Gone Baby Gone (2007), The Town (2010), Argo (2012), Live by Night (2016)",,
Ben Stiller,"Reality Bites (1994), The Cable Guy (1996), Zoolander (2001), Tropic Thunder (2008), The Secret Life of Walter Mitty (2013), Zoolander 2 (2016)",,
Bennett Miller,"Capote (2005), Moneyball (2011), Foxcatcher (2014)","Capote (2005), Foxcatcher (2014)",
Bill Condon,"Candyman: Farewell to the Flesh (1995), Gods and Monsters (1998), Dreamgirls (2006), The Twilight Saga: Breaking Dawn – Part 1 (2011), The Twilight Saga: Breaking Dawn – Part 2 (2012), Mr. Holmes (2015), Beauty and the Beast (2017), The Good Liar (2019)",,
Bill Murray,Quick Change (1990),,
Bill Paxton,"Frailty (2002), The Greatest Game Ever Played (2005)",,
Billy Wilder,"Double Indemnity (1944), The Lost Weekend (1945), A Foreign Affair (1948), Sunset Boulevard (1950), Stalag 17 (1953), Sabrina (1954), The Seven Year Itch (1955), The Spirit of St. Louis (1957), Love in the Afternoon (1957), Witness for the Prosecution (1957), Some Like It Hot (1959), The Apartment (1960), The Fortune Cookie (1966)","Double Indemnity (1944), The Lost Weekend (1945), Sunset Boulevard (1950), Stalag 17 (1953), Sabrina (1954), Witness for the Prosecution (1957), Some Like It Hot (1959), The Apartment (1960)",
Bob Clark,"Black Christmas (1974), Murder by Decree (1979), Porky's (1982), Porky's II: The Next Day (1983), A Christmas Story (1983), Rhinestone (1984)",,
Bob Fosse,"Cabaret (1972), Lenny (1974), All That Jazz (1979)","Cabaret (1972), Lenny (1974), All That Jazz (1979)",
Bob Saget,Dirty Work (1998),,
Brett Ratner,"Money Talks (1997), Rush Hour (1998), The Family Man (2000), Rush Hour 2 (2001), Red Dragon (2002), After the Sunset (2004), X-Men: The Last Stand (2006), Rush Hour 3 (2007), Tower Heist (2011), Movie 43 (2013), Hercules (2014)",,
Brian De Palma,"Phantom of the Paradise (1974), Carrie (1976), Blow Out (1981), Scarface (1983), The Untouchables (1987), Casualties of War (1989), The Bonfire of the Vanities (1990), Raising Cain (1992), Carlito's Way (1993), Mission: Impossible (1996), Snake Eyes (1998), Mission to Mars (2000), Femme Fatale (2002), The Black Dahlia (2006)",,
Bryan Singer,"The Usual Suspects (1995), Apt Pupil (1998), X-Men (2000), X2 (2003), Superman Returns (2006), Valkyrie (2008), Jack the Giant Slayer (2013), X-Men: Days of Future Past (2014), X-Men: Apocalypse (2016), Bohemian Rhapsody (2018)",,
Buck Henry,Heaven Can Wait (1978),Heaven Can Wait (1978),
Cameron Crowe,"Say Anything... (1989), Singles (1992), Jerry Maguire (1996), Almost Famous (2000), Vanilla Sky (2001), Elizabethtown (2005), We Bought a Zoo (2011), Aloha (2015)",,
Carl Reiner,"Oh, God! (1977), The Jerk (1979), Dead Men Don't Wear Plaid (1982), The Man with Two Brains (1983), All of Me (1984)",,
Catherine Hardwicke,"The Nativity Story (2006), Twilight (2008), Red Riding Hood (2011), Miss Bala (2019)",,
Cecil B. DeMille,"The Ten Commandments (1923), The Greatest Show on Earth (1952), The Ten Commandments (1956)",The Greatest Show on Earth (1952),
Chris Columbus,"Adventures in Babysitting (1987), Heartbreak Hotel (1988), Home Alone (1990), Home Alone 2: Lost in New York (1992), Mrs. Doubtfire (1993), Nine Months (1995), Stepmom (1998), Bicentennial Man (1999), Harry Potter and the Sorcerer's Stone (2001), Harry Potter and the Chamber of Secrets (2002), Rent (2005), I Love You, Beth Cooper (2009), Percy Jackson & the Olympians: The Lightning Thief (2010), Pixels (2015), The Christmas Chronicles 2 (2020)",,
Chris Rock,"Head of State (2003), I Think I Love My Wife (2007), Top Five (2014)",,
Christopher Guest,"Almost Heroes (1998), Best in Show (2000), A Mighty Wind (2003), For Your Consideration (2006), Mascots (2016)",,
Christopher Landon,"Paranormal Activity: The Marked Ones (2014), Happy Death Day (2017), Happy Death Day 2U (2019), Freaky (2020)",,
Christopher McQuarrie,"The Way of the Gun (2000), Jack Reacher (2012), Mission: Impossible – Rogue Nation (2015), Mission: Impossible – Fallout (2018)",,
Christopher Nolan,"Following (1999), Memento (2001), Insomnia (2002), Batman Begins (2005), The Prestige (2006), The Dark Knight (2008), Inception (2010), The Dark Knight Rises (2012), Interstellar (2014), Dunkirk (2017), Tenet (2020)",Dunkirk (2017),
Clint Eastwood,"Play Misty for Me (1971), High Plains Drifter (1973), Breezy (1973), The Eiger Sanction (1975), The Outlaw Josey Wales (1976), The Gauntlet (1977), Bronco Billy (1980), Firefox (1982), Honkytonk Man (1982), Sudden Impact (1983), Pale Rider (1985), Heartbreak Ridge (1986), Bird (1988), The Rookie (1990), Unforgiven (1992), A Perfect World (1993), The Bridges of Madison County (1995), Absolute Power (1997), Midnight in the Garden of Good and Evil (1997), True Crime (1999), Space Cowboys (2000), Blood Work (2002), Mystic River (2003), Million Dollar Baby (2004), Flags of Our Fathers (2006), Letters from Iwo Jima (2006), Changeling (2008), Gran Torino (2008), Invictus (2009), Hereafter (2010), J. Edgar (2011), Jersey Boys (2014), American Sniper (2014), Sully (2016), The 15:17 to Paris (2018), The Mule (2018), Richard Jewell (2019), Cry Macho (2021)","Unforgiven (1992), Mystic River (2003), Million Dollar Baby (2004), Letters from Iwo Jima (2006)",
Clive Barker,"Hellraiser (1987), Nightbreed (1990)",,
Damien Chazelle,"Whiplash (2014), La La Land (2016), First Man (2018)",La La Land (2016),
Dan Aykroyd,Nothing but Trouble (1991),,
Daniel Stern,Rookie of the Year (1993),,
Danny Boyle,"Trainspotting (1996), A Life Less Ordinary (1997), The Beach (2000), 28 Days Later (2003), Sunshine (2007), Slumdog Millionaire (2008), 127 Hours (2010), Steve Jobs (2015), T2 Trainspotting (2017), Yesterday (2019)",Slumdog Millionaire (2008),
Danny DeVito,"Throw Momma from the Train (1987), The War of the Roses (1989), Hoffa (1992), Matilda (1996), Death to Smoochy (2002), Duplex (2003)",,
Darren Aronofsky,"Requiem for a Dream (2000), The Fountain (2006), The Wrestler (2008), Black Swan (2010), Noah (2014), Mother! (2017)",Black Swan (2010),
David Cronenberg,"Scanners (1981), Videodrome (1983), The Dead Zone (1983), The Fly (1986), Dead Ringers (1988), Existenz (1999), A History of Violence (2005), Eastern Promises (2007)",,
David Fincher,"Alien 3 (1992), Seven (1995), The Game (1997), Fight Club (1999), Panic Room (2002), Zodiac (2007), The Curious Case of Benjamin Button (2008), The Social Network (2010), The Girl with the Dragon Tattoo (2011), Gone Girl (2014), Mank (2020)","The Curious Case of Benjamin Button (2008), The Social Network (2010), Mank (2020)",
David Gordon Green,"Pineapple Express (2008), Your Highness (2011), The Sitter (2011), Our Brand Is Crisis (2015), Stronger (2017), Halloween (2018), Halloween Kills (2021)",,
David Lynch,"Eraserhead (1977), The Elephant Man (1980), Dune (1984), Blue Velvet (1986), Wild at Heart (1990), Twin Peaks: Fire Walk with Me (1992), Lost Highway (1997), The Straight Story (1999), Mulholland Drive (2001), Inland Empire (2006)","The Elephant Man (1980), Blue Velvet (1986), Mulholland Drive (2001)",
David O. Russell,"Flirting with Disaster (1996), Three Kings (1999), I Heart Huckabees (2004), The Fighter (2010), Silver Linings Playbook (2012), American Hustle (2013), Joy (2015)","The Fighter (2010), Silver Linings Playbook (2012), American Hustle (2013)",
David Yates,"Harry Potter and the Order of the Phoenix (2007), Harry Potter and the Half-Blood Prince (2009), Harry Potter and the Deathly Hallows – Part 1 (2010), Harry Potter and the Deathly Hallows – Part 2 (2011), The Legend of Tarzan (2016), Fantastic Beasts and Where to Find Them (2016), Fantastic Beasts: The Crimes of Grindelwald (2018)",,
Denis Villeneuve,"Maelström (2002), Incendies (2011), Prisoners (2013), Enemy (2014), Sicario (2015), Arrival (2016), Blade Runner 2049 (2017), Dune (2021)",Arrival (2016),
Dennis Hopper,"Easy Rider (1969), The Hot Spot (1990)",,
Denzel Washington,"Antwone Fisher (2002), The Great Debaters (2007), Fences (2016), A Journal for Jordan (2021)",,
Doug Liman,"Swingers (1996), The Bourne Identity (2002), Mr. & Mrs. Smith (2005), Jumper (2008), Fair Game (2010), Edge of Tomorrow (2014), The Wall (2017), American Made (2017), Locked Down (2021), Chaos Walking (2021)",,
Drew Barrymore,Whip It (2009),,
Duncan Jones,"Moon (2009), Source Code (2011), Warcraft (2016), Mute (2018)",,
Ed Harris,"Pollock (2000), Appaloosa (2008)",,
Eddie Murphy,Harlem Nights (1989),,
Edgar Wright,"Shaun of the Dead (2004), Grindhouse (2007), Hot Fuzz (2007), Scott Pilgrim vs. the World (2010), The World's End (2013), Baby Driver (2017), Last Night in Soho (2021)",,
Edward Norton,Keeping the Faith (2000),,
Edward Zwick,"About Last Night (1986), Glory (1989), Legends of the Fall (1994), Courage Under Fire (1996), The Siege (1998), The Last Samurai (2003), Blood Diamond (2006), Defiance (2008), Love & Other Drugs (2010), Pawn Sacrifice (2015), Jack Reacher: Never Go Back (2016)",,
Elizabeth Banks,"Movie 43 (2013), Pitch Perfect 2 (2015), Charlie's Angels (2019)",,
Ethan Coen,"Blood Simple (1985), Raising Arizona (1987), Miller's Crossing (1990), Barton Fink (1991), The Hudsucker Proxy (1994), Fargo (1996), The Big Lebowski (1998), O Brother, Where Art Thou? (2000), The Man Who Wasn't There (2001), Intolerable Cruelty (2003), The Ladykillers (2004), No Country for Old Men (2007), Burn After Reading (2008), A Serious Man (2009), True Grit (2010), Inside Llewyn Davis (2013), Hail, Caesar! (2016), The Ballad of Buster Scruggs (2018)","No Country for Old Men (2007), True Grit (2010)",
F. Gary Gray,"Friday (1995), Set It Off (1996), The Negotiator (1998), A Man Apart (2003), The Italian Job (2003), Be Cool (2005), Law Abiding Citizen (2009), Straight Outta Compton (2015), The Fate of the Furious (2017), Men in Black: International (2019)",,
F. W. Murnau,Nosferatu: A Symphony of Horror (1929),,
Francis Ford Coppola,"The Godfather (1972), The Conversation (1974), The Godfather Part II (1974), Apocalypse Now (1979), One from the Heart (1982), The Outsiders (1983), Rumble Fish (1983), The Cotton Club (1984), Peggy Sue Got Married (1986), Gardens of Stone (1987), Tucker: The Man and His Dream (1988), New York Stories (1989), The Godfather Part III (1990), Bram Stoker's Dracula (1992), Jack (1996), The Rainmaker (1997)","The Godfather (1972), The Godfather Part II (1974), Apocalypse Now (1979), The Godfather Part III (1990)",
François Truffaut,"Fahrenheit 451 (1966), Day for Night (1973)",Day for Night (1973),
Frank Capra,"The Strong Man (1926), Long Pants (1927), For the Love of Mike (1927), That Certain Thing (1928), So This Is Love? (1928), The Matinee Idol (1928), Say It with Sables (1928), Submarine (1928), The Power of the Press (1928), The Younger Generation (1929), The Donovan Affair (1929), Flight (1929), Ladies of Leisure (1930), Rain or Shine (1930), Dirigible (1931), The Miracle Woman (1931), Platinum Blonde (1931), Forbidden (1932), American Madness (1932), The Bitter Tea of General Yen (1933), Lady for a Day (1933), It Happened One Night (1934), Broadway Bill (1934), Mr. Deeds Goes to Town (1936), Lost Horizon (1937), You Can't Take It with You (1938), Mr. Smith Goes to Washington (1939), Meet John Doe (1941), Arsenic and Old Lace (1944), It's a Wonderful Life (1946), State of the Union (1948), Riding High (1950), Here Comes the Groom (1951), A Hole in the Head (1959), Pocketful of Miracles (1961)","Lady for a Day (1933), It Happened One Night (1934), Mr. Deeds Goes to Town (1936), You Can't Take It with You (1938), Mr. Smith Goes to Washington (1939), It’s a Wonderful Life (1946)",
Frank Darabont,"The Shawshank Redemption (1994), The Green Mile (1999), The Majestic (2001), The Mist (2007)",,
Frank Miller,"Sin City (2005), The Spirit (2008), Sin City: A Dame to Kill For (2014)",,
Frank Oz,"The Dark Crystal (1982), The Muppets Take Manhattan (1984), Little Shop of Horrors (1986), Dirty Rotten Scoundrels (1988), What About Bob? (1991), Housesitter (1992), The Indian in the Cupboard (1995), In & Out (1997), Bowfinger (1999), The Score (2001), The Stepford Wives (2004), Death at a Funeral (2007)",,
Fred Zinnemann,"The Search (1948), High Noon (1952), From Here to Eternity (1953), Oklahoma! (1955), The Nun's Story (1959), The Sundowners (1960), A Man for All Seasons (1966), Julia (1977)","The Search (1948), High Noon (1952), From Here to Eternity (1953), The Nun's Story (1959), The Sundowners (1960), A Man for All Seasons (1966), Julia (1977)",
Garry Marshall,"The Flamingo Kid (1984), Nothing in Common (1986), Overboard (1987), Beaches (1988), Pretty Woman (1990), Frankie and Johnny (1991), Glengarry Glen Ross (1992), Exit to Eden (1994), Dear God (1996), The Other Sister (1999), Runaway Bride (1999), The Princess Diaries (2001), Raising Helen (2004), The Princess Diaries 2: Royal Engagement (2004), Georgia Rule (2007), Valentine's Day (2010), New Year's Eve (2011), Mother's Day (2016)",,
Gary Ross,"Pleasantville (1998), Seabiscuit (2003), The Hunger Games (2012), Free State of Jones (2016), Ocean's 8 (2018)",,
Gavin O'Connor,"Miracle (2004), Warrior (2011), The Accountant (2016), The Way Back (2020)",,
George A. Romero,"Night of the Living Dead (1968), The Crazies (1973), Martin (1978), Dawn of the Dead (1979), Creepshow (1982), Day of the Dead (1985), The Dark Half (1993), Land of the Dead (2005)",,
George Clooney,"Confessions of a Dangerous Mind (2002), Good Night, and Good Luck (2005), Leatherheads (2008), The Ides of March (2011), The Monuments Men (2014), Suburbicon (2017), The Midnight Sky (2020)","Good Night, and Good Luck (2005)",
George Cukor,"Little Women (1933), The Philadelphia Story (1940), Gaslight (1944), A Double Life (1947), Adam's Rib (1949), Born Yesterday (1950), A Star Is Born (1954), My Fair Lady (1964)","Little Women (1933), The Philadelphia Story (1940), A Double Life (1947), Born Yesterday (1950), My Fair Lady (1964)",
George Lucas,"THX 1138 (1971), American Graffiti (1973), Star Wars (1977), Star Wars: Episode I – The Phantom Menace (1999), Star Wars: Episode II – Attack of the Clones (2002), Star Wars: Episode III – Revenge of the Sith (2005)","American Graffiti (1973), Star Wars (1977)",
George Miller,"Mad Max (1980), The Road Warrior (1982), Twilight Zone: The Movie (1983), Mad Max Beyond Thunderdome (1985), The Witches of Eastwick (1987), Lorenzo's Oil (1992), Babe: Pig in the City (1998), Happy Feet (2006), Happy Feet Two (2011), Mad Max: Fury Road (2015)",Mad Max: Fury Road (2015),
Gina Prince-Bythewood,"Love & Basketball (2000), The Secret Life of Bees (2008), The Old Guard (2020)",,
Gordon Parks,"Shaft (1971), Shaft's Big Score! (1972)",,
Gore Verbinski,"Mouse Hunt (1997), The Mexican (2001), The Ring (2002), Pirates of the Caribbean: The Curse of the Black Pearl (2003), Pirates of the Caribbean: Dead Man's Chest (2006), Pirates of the Caribbean: At World's End (2007), Rango (2011), The Lone Ranger (2013), A Cure for Wellness (2017)",,
Greg Mottola,"Superbad (2007), Adventureland (2009), Paul (2011), Keeping Up with the Joneses (2016)",,
Greta Gerwig,"Lady Bird (2017), Little Women (2019)",Lady Bird (2017),
Guillermo del Toro,"Cronos (1994), Mimic (1997), The Devil's Backbone (2001), Blade II (2002), Hellboy (2004), Pan's Labyrinth (2006), Hellboy II: The Golden Army (2008), Pacific Rim (2013), Crimson Peak (2015), The Shape of Water (2017), Nightmare Alley (2021)",The Shape of Water (2017),
Gus Van Sant,"My Own Private Idaho (1991), To Die For (1995), Good Will Hunting (1997), Psycho (1998), Finding Forrester (2000), Elephant (2003), Milk (2008), Promised Land (2012)","Good Will Hunting (1997), Milk (2008)",
Guy Ritchie,"Lock, Stock and Two Smoking Barrels (1999), Snatch (2000), RocknRolla (2008), Sherlock Holmes (2009), Sherlock Holmes: A Game of Shadows (2011), The Man from U.N.C.L.E. (2015), King Arthur: Legend of the Sword (2017), Aladdin (2019), The Gentlemen (2020), Wrath of Man (2021)",,
Halle Berry,Bruised (2021),,
Harold Ramis,"Caddyshack (1980), National Lampoon's Vacation (1983), Club Paradise (1986), Groundhog Day (1993), Stuart Saves His Family (1995), Multiplicity (1996), Analyze This (1999), Bedazzled (2000), Analyze That (2002), The Ice Harvest (2005), Year One (2009)",,
Henry Joost,"Paranormal Activity 3 (2011), Paranormal Activity 4 (2012), Nerve (2016), Project Power (2020)",,
Howard Hawks,"Scarface (1932), Bringing Up Baby (1938), His Girl Friday (1940), Sergeant York (1941), To Have and Have Not (1944), Gentlemen Prefer Blondes (1953), Rio Bravo (1959)",Sergeant York (1941),
Ice Cube,The Players Club (1998),,
Ingmar Bergman,"The Seventh Seal (1958), The Virgin Spring (1960), Cries and Whispers (1973), Face to Face (1976), Fanny and Alexander (1983)","Cries and Whispers (1973), Face to Face (1976), Fanny and Alexander (1983)",
Ivan Reitman,"Meatballs (1979), Stripes (1981), Ghostbusters (1984), Legal Eagles (1986), Twins (1988), Ghostbusters II (1989), Kindergarten Cop (1990), Dave (1993), Junior (1994), Fathers' Day (1997), Six Days, Seven Nights (1998), Evolution (2001), My Super Ex-Girlfriend (2006), No Strings Attached (2011), Draft Day (2014)",,
J. J. Abrams,"Mission: Impossible III (2006), Star Trek (2009), Super 8 (2011), Star Trek Into Darkness (2013), Star Wars: The Force Awakens (2015), Star Wars: The Rise of Skywalker (2019)",,
Jack Nicholson,"Drive, He Said (1971), Goin' South (1978), The Two Jakes (1990)",,
James Cameron,"The Terminator (1984), Aliens (1986), The Abyss (1989), Terminator 2: Judgment Day (1991), True Lies (1994), Titanic (1997), Avatar (2009)","Titanic (1997), Avatar (2009)",
James Mangold,"Cop Land (1997), Girl, Interrupted (1999), Kate & Leopold (2001), Identity (2003), Walk the Line (2005), 3:10 to Yuma (2007), Knight and Day (2010), The Wolverine (2013), Logan (2017), Ford v Ferrari (2019)",,
James Wan,"Saw (2004), Dead Silence (2007), Death Sentence (2007), Insidious (2011), The Conjuring (2013), Insidious: Chapter 2 (2013), Furious 7 (2015), The Conjuring 2 (2016), Aquaman (2018), Malignant (2021)",,
Jane Campion,"The Piano (1993), The Portrait of a Lady (1996), In the Cut (2003), The Power of the Dog (2021)","The Piano (1993), The Power of the Dog (2021)",
Jason Reitman,"Thank You for Smoking (2006), Juno (2007), Up in the Air (2009), Young Adult (2011), Labor Day (2013), Tully (2018), The Front Runner (2018), Ghostbusters: Afterlife (2021)","Juno (2007), Up in the Air (2009)",
Jay Roach,"Austin Powers: International Man of Mystery (1997), Austin Powers: The Spy Who Shagged Me (1999), Meet the Parents (2000), Austin Powers in Goldmember (2002), Meet the Fockers (2004), Dinner for Schmucks (2010), The Campaign (2012), Trumbo (2015), Bombshell (2019)",,
Jean-Marc Vallée,"The Young Victoria (2009), Dallas Buyers Club (2013), Wild (2014), Demolition (2016)",,
Jeff Nichols,"Take Shelter (2011), Mud (2013), Midnight Special (2016), Loving (2016)",,
Jerry Lewis,"The Bellboy (1960), The Nutty Professor (1963), One More Time (1970)",,
Jim Henson,"The Great Muppet Caper (1981), The Dark Crystal (1982), Labyrinth (1986)",,
Jodie Foster,"Little Man Tate (1991), Home for the Holidays (1995), The Beaver (2011), Money Monster (2016)",,
Joe Carnahan,"Smokin' Aces (2007), The A-Team (2010), The Grey (2012), Boss Level (2021)",,
Joe Dante,"The Howling (1981), Twilight Zone: The Movie (1983), Gremlins (1984), Explorers (1985), Innerspace (1987), The 'Burbs (1989), Gremlins 2: The New Batch (1990), Small Soldiers (1998), Looney Tunes: Back in Action (2003)",,
Joe Johnston,"Honey, I Shrunk the Kids (1989), The Rocketeer (1991), The Pagemaster (1994), Jumanji (1995), October Sky (1999), Jurassic Park III (2001), Hidalgo (2004), The Wolfman (2010), Captain America: The First Avenger (2011), The Nutcracker and the Four Realms (2018)",,
Joe Russo,"You, Me and Dupree (2006), Captain America: The Winter Soldier (2014), Captain America: Civil War (2016), Avengers: Infinity War (2018), Avengers: Endgame (2019), Cherry (2021)",,
Joe Wright,"Pride & Prejudice (2005), Atonement (2007), The Soloist (2009), Hanna (2011), Anna Karenina (2012), Pan (2015), Darkest Hour (2017), The Woman in the Window (2021)",,
Joel Coen,"Blood Simple (1985), Raising Arizona (1987), Miller's Crossing (1990), Barton Fink (1991), The Hudsucker Proxy (1994), Fargo (1996), The Big Lebowski (1998), O Brother, Where Art Thou? (2000), The Man Who Wasn't There (2001), Intolerable Cruelty (2003), The Ladykillers (2004), No Country for Old Men (2007), Burn After Reading (2008), A Serious Man (2009), True Grit (2010), Inside Llewyn Davis (2013), Hail, Caesar! (2016), The Ballad of Buster Scruggs (2018), The Tragedy of Macbeth (2021)","Fargo (1996), No Country for Old Men (2007), True Grit (2010)",
Joel Schumacher,"St. Elmo's Fire (1985), The Lost Boys (1987), Flatliners (1990), Dying Young (1991), Falling Down (1993), The Client (1994), Batman Forever (1995), A Time to Kill (1996), Batman & Robin (1997), 8mm (1999), Bad Company (2002), Phone Booth (2003), The Phantom of the Opera (2004), The Number 23 (2007), Trespass (2011)",,
John Carpenter,"Dark Star (1975), Assault on Precinct 13 (1976), Halloween (1978), The Fog (1980), Escape from New York (1981), The Thing (1982), Christine (1983), Starman (1984), Big Trouble in Little China (1986), Prince of Darkness (1987), They Live (1988), Memoirs of an Invisible Man (1992), In the Mouth of Madness (1995), Village of the Damned (1995), Escape from L.A. (1996), Vampires (1998), Ghosts of Mars (2001), The Ward (2011)",,
John Ford,"The Informer (1935), Stagecoach (1939), Young Mr. Lincoln (1939), The Grapes of Wrath (1940), How Green Was My Valley (1941), My Darling Clementine (1946), The Quiet Man (1952), Mister Roberts (1955), The Searchers (1956), The Man Who Shot Liberty Valance (1962), How the West Was Won (1963), Cheyenne Autumn (1964)","The Informer (1935), Stagecoach (1939), The Grapes of Wrath (1940), How Green Was My Valley (1941), The Quiet Man (1952)",
John Hughes,"Sixteen Candles (1984), The Breakfast Club (1985), Weird Science (1985), Ferris Bueller's Day Off (1986), Planes, Trains and Automobiles (1987), Uncle Buck (1989), Curly Sue (1991)",,
John Huston,"The Maltese Falcon (1941), The Treasure of the Sierra Madre (1948), Key Largo (1948), The Asphalt Jungle (1950), The African Queen (1951), Moulin Rouge (1952), Moby Dick (1956), The Misfits (1961), Casino Royale (1967), The Man Who Would Be King (1975), Escape to Victory (1981), Annie (1982), Prizzi's Honor (1985)","The Treasure of the Sierra Madre (1948), The Asphalt Jungle (1950), The African Queen (1951), Moulin Rouge (1952), Prizzi’s Honor (1985)",
John Krasinski,"A Quiet Place (2018), A Quiet Place Part II (2021)",,
John Landis,"National Lampoon's Animal House (1978), The Blues Brothers (1980), An American Werewolf in London (1981), Trading Places (1983), Twilight Zone: The Movie (1983), Spies Like Us (1985), Three Amigos (1986), Coming to America (1988), Oscar (1991), Beverly Hills Cop III (1994), Blues Brothers 2000 (1998)",,
John Madden,"Mrs Brown (1997), Shakespeare in Love (1998), The Best Exotic Marigold Hotel (2012), The Second Best Exotic Marigold Hotel (2015)",Shakespeare in Love (1998),
John McTiernan,"Predator (1987), Die Hard (1988), The Hunt for Red October (1990), Medicine Man (1992), Last Action Hero (1993), Die Hard with a Vengeance (1995), The Thomas Crown Affair (1999), The 13th Warrior (1999), Basic (2003)",,
John Milius,"Conan the Barbarian (1982), Red Dawn (1984)",,
John Singleton,"Boyz n the Hood (1991), Poetic Justice (1993), Higher Learning (1995), Rosewood (1997), Shaft (2000), Baby Boy (2001), 2 Fast 2 Furious (2003), Four Brothers (2005), Abduction (2011)",Boyz n the Hood (1991),
John Wayne,"The Alamo (1960), The Green Berets (1968)",,
John Woo,"Hard Target (1993), Broken Arrow (1996), Face/Off (1997), Mission: Impossible 2 (2000), Windtalkers (2002), Paycheck (2003)",,
Jon Favreau,"Made (2001), Elf (2003), Zathura: A Space Adventure (2005), Iron Man (2008), Iron Man 2 (2010), Cowboys & Aliens (2011), Chef (2014), The Jungle Book (2016), The Lion King (2019)",,
Jon Turteltaub,"3 Ninjas (1992), Cool Runnings (1993), While You Were Sleeping (1995), Phenomenon (1996), Instinct (1999), Disney's The Kid (2000), National Treasure (2004), National Treasure: Book of Secrets (2007), The Sorcerer's Apprentice (2010), Last Vegas (2013), The Meg (2018)",,
Jonah Hill,Mid90s (2018),,
Jonathan Demme,"Swing Shift (1984), Something Wild (1986), Married to the Mob (1988), The Silence of the Lambs (1991), Philadelphia (1993), Beloved (1998), The Truth About Charlie (2002), The Manchurian Candidate (2004), Rachel Getting Married (2008), Ricki and the Flash (2015)",The Silence of the Lambs (1991),
Jordan Peele,"Get Out (2017), Us (2019)",Get Out (2017),
Joseph Gordon-Levitt,Don Jon (2013),,
Judd Apatow,"The 40-Year-Old Virgin (2005), Knocked Up (2007), Funny People (2009), This Is 40 (2012), Trainwreck (2015), The King of Staten Island (2020)",,
Justin Lin,"Annapolis (2006), The Fast and the Furious: Tokyo Drift (2006), Fast & Furious (2009), Fast Five (2011), Fast & Furious 6 (2013), Star Trek Beyond (2016), F9 (2021)",,
Kasi Lemmons,"Eve's Bayou (1997), Talk to Me (2007), Harriet (2019)",,
Kathryn Bigelow,"The Loveless (1984), Near Dark (1987), Blue Steel (1990), Point Break (1991), Strange Days (1995), K-19: The Widowmaker (2002), The Weight of Water (2002), The Hurt Locker (2009), Zero Dark Thirty (2012), Detroit (2017)",The Hurt Locker (2009),
Kay Cannon,"Blockers (2018), Cinderella (2021)",,
Kenneth Branagh,"Henry V (1989), Dead Again (1991), Much Ado About Nothing (1993), Mary Shelley's Frankenstein (1994), Hamlet (1996), Sleuth (2007), Thor (2011), Jack Ryan: Shadow Recruit (2014), Cinderella (2015), Murder on the Orient Express (2017), Artemis Fowl (2020), Belfast (2021)","Henry V (1989), Belfast (2021)",
Kevin Costner,"Dances with Wolves (1990), The Postman (1997), Open Range (2003)",Dances with Wolves (1990),
Kevin Reynolds,"Fandango (1985), Robin Hood: Prince of Thieves (1991), Waterworld (1995), The Count of Monte Cristo (2002)",,
Kevin Smith,"Clerks (1994), Mallrats (1995), Chasing Amy (1997), Dogma (1999), Jay and Silent Bob Strike Back (2001), Jersey Girl (2004), Clerks II (2006), Zack and Miri Make a Porno (2008), Cop Out (2010), Red State (2011), Tusk (2014), Holidays (2016), Yoga Hosers (2016), Jay and Silent Bob Reboot (2019)",,
Lake Bell,In a World... (2013),,
Lana Wachowski,"Bound (1996), The Matrix (1999), The Matrix Reloaded (2003), The Matrix Revolutions (2003), Speed Racer (2008), Cloud Atlas (2012), Jupiter Ascending (2015), The Matrix Resurrections (2021)",,
Lawrence Kasdan,"Body Heat (1981), The Big Chill (1983), Silverado (1985), The Accidental Tourist (1988), I Love You to Death (1990), Grand Canyon (1991), Wyatt Earp (1994), Dreamcatcher (2003)",,
Leonard Nimoy,"Star Trek III: The Search for Spock (1984), Star Trek IV: The Voyage Home (1986), Three Men and a Baby (1987)",,
Lilly Wachowski,"Bound (1996), The Matrix (1999), The Matrix Reloaded (2003), The Matrix Revolutions (2003), Speed Racer (2008), Cloud Atlas (2012), Jupiter Ascending (2015)",,
Louis C.K.,Pootie Tang (2001),,
Luc Besson,"Léon: The Professional (1994), The Fifth Element (1997), The Messenger: The Story of Joan of Arc (1999), The Family (2013), Lucy (2014), Valerian and the City of a Thousand Planets (2017)",,
M. Night Shyamalan,"The Sixth Sense (1999), Unbreakable (2000), Signs (2002), The Village (2004), Lady in the Water (2006), The Happening (2008), The Last Airbender (2010), After Earth (2013), The Visit (2015), Split (2017), Glass (2019), Old (2021)",The Sixth Sense (1999),
Malcolm D. Lee,"The Best Man (1999), Undercover Brother (2002), Roll Bounce (2005), Welcome Home Roscoe Jenkins (2008), Soul Men (2008), Scary Movie 5 (2013), The Best Man Holiday (2013), Barbershop: The Next Cut (2016), Girls Trip (2017), Night School (2018), Space Jam: A New Legacy (2021)",,
Marc Forster,"Monster's Ball (2001), Finding Neverland (2004), Stranger than Fiction (2006), Quantum of Solace (2008), World War Z (2013), Christopher Robin (2018)",,
Mario Van Peebles,"New Jack City (1991), Panther (1995)",,
Martin Brest,"Beverly Hills Cop (1984), Midnight Run (1988), Scent of a Woman (1992), Meet Joe Black (1998), Gigli (2003)",Scent of a Woman (1992),
Martin Campbell,"No Escape (1994), GoldenEye (1995), The Mask of Zorro (1998), The Legend of Zorro (2005), Casino Royale (2006), Edge of Darkness (2010), Green Lantern (2011), The Foreigner (2017)",,
Martin Lawrence,A Thin Line Between Love and Hate (1996),,
Martin Scorsese,"Who's That Knocking at My Door (1968), Alice Doesn't Live Here Anymore (1974), Taxi Driver (1976), Raging Bull (1980), After Hours (1985), The Color of Money (1986), The Last Temptation of Christ (1988), New York Stories (1989), Goodfellas (1990), Cape Fear (1991), The Age of Innocence (1993), Casino (1995), Kundun (1997), Bringing Out the Dead (1999), Gangs of New York (2002), The Aviator (2004), The Departed (2006), Shutter Island (2010), Hugo (2011), The Wolf of Wall Street (2013), Silence (2016), The Irishman (2019)","Raging Bull (1980), The Last Temptation of Christ (1988), Goodfellas (1990), Gangs of New York (2002), The Aviator (2004), The Departed (2006), Hugo (2011), The Wolf of Wall Street (2013), The Irishman (2019)",
Matt Reeves,"Cloverfield (2008), Let Me In (2010), Dawn of the Planet of the Apes (2014), War for the Planet of the Apes (2017)",,
McG,"Charlie's Angels (2000), Charlie's Angels: Full Throttle (2003), We Are Marshall (2006), Terminator Salvation (2009), This Means War (2012), The Babysitter (2017), Rim of the World (2019), The Babysitter: Killer Queen (2020)",,
Mel Brooks,"The Producers (1968), The Twelve Chairs (1970), Blazing Saddles (1974), Young Frankenstein (1974), High Anxiety (1977), Silent Movie (1976), History of the World, Part I (1981), Spaceballs (1987), Life Stinks (1991), Robin Hood: Men in Tights (1993), Dracula: Dead and Loving It (1995)",,
Mel Gibson,"The Man Without a Face (1993), Braveheart (1995), The Passion of the Christ (2004), Apocalypto (2006), Hacksaw Ridge (2016)","Braveheart (1995), Hacksaw Ridge (2016)",
Mel Stuart,Willy Wonka & the Chocolate Factory (1971),,
Michael Apted,"Coal Miner's Daughter (1980), Gorillas in the Mist (1988), Class Action (1991), Nell (1994), The World Is Not Enough (1999), Enigma (2002), Enough (2002), The Chronicles of Narnia: The Voyage of the Dawn Treader (2010)",,
Michael Mann,"Thief (1981), Manhunter (1986), The Last of the Mohicans (1992), Heat (1995), The Insider (1999), Ali (2001), Collateral (2004), Miami Vice (2006), Public Enemies (2009), Blackhat (2015)",The Insider (1999),
Mike Judge,"Beavis and Butt-Head Do America (1996), Office Space (1999), Idiocracy (2006)",,
Mike Nichols,"Who's Afraid of Virginia Woolf? (1966), The Graduate (1967), Catch-22 (1970), Silkwood (1983), Heartburn (1986), Working Girl (1988), Postcards from the Edge (1990), Regarding Henry (1991), Wolf (1994), The Birdcage (1996), Primary Colors (1998), What Planet Are You From? (2000), Closer (2004), Charlie Wilson's War (2007)","Who's Afraid of Virginia Woolf? (1966), The Graduate (1967), Silkwood (1983), Working Girl (1988)",
Miloš Forman,"One Flew Over the Cuckoo's Nest (1975), Hair (1979), Ragtime (1981), Amadeus (1984), The People vs. Larry Flynt (1996), Man on the Moon (1999)","One Flew Over the Cuckoo’s Nest (1975), Amadeus (1984), The People vs. Larry Flynt (1996)",
Morgan Neville,Won't You Be My Neighbor? (2018),,
Nancy Meyers,"The Parent Trap (1998), What Women Want (2000), Something's Gotta Give (2003), The Holiday (2006), It's Complicated (2009), The Intern (2015)",,
Neil Marshall,"The Descent (2006), Hellboy (2019)",,
Nicolas Cage,Sonny (2002),,
Noah Baumbach,"The Squid and the Whale (2005), Margot at the Wedding (2007), Frances Ha (2013), While We're Young (2015), The Meyerowitz Stories (New and Selected) (2017), Marriage Story (2019)",,
Nora Ephron,"This Is My Life (1992), Sleepless in Seattle (1993), Mixed Nuts (1994), Michael (1996), You've Got Mail (1998), Lucky Numbers (2000), Bewitched (2005), Julie & Julia (2009)",,
Norman Jewison,"The Cincinnati Kid (1965), In the Heat of the Night (1967), The Thomas Crown Affair (1968), Fiddler on the Roof (1971), Jesus Christ Superstar (1973), Rollerball (1975), F.I.S.T. (1978), ...And Justice for All. (1979), A Soldier's Story (1984), Moonstruck (1987), In Country (1989), Only You (1994), The Hurricane (1999)","In the Heat of the Night (1967), Fiddler on the Roof (1971), Moonstruck (1987)",
Oliver Stone,"The Hand (1981), Platoon (1986), Wall Street (1987), Born on the Fourth of July (1989), The Doors (1991), JFK (1991), Natural Born Killers (1994), Nixon (1995), U Turn (1997), Any Given Sunday (1999), Alexander (2004), World Trade Center (2006), W. (2008), Wall Street: Money Never Sleeps (2010), Savages (2012), Snowden (2016)","Platoon (1986), Born on the Fourth of July (1989), JFK (1991)",
Orson Welles,"Citizen Kane (1941), The Magnificent Ambersons (1942), Journey into Fear (1943), The Stranger (1946), Macbeth (1948), Touch of Evil (1958), Chimes at Midnight (1967), The Other Side of the Wind (2018)",Citizen Kane (1941),
Patty Jenkins,"Monster (2003), Wonder Woman (2017), Wonder Woman 1984 (2020)",,
Paul Feig,"Unaccompanied Minors (2006), Bridesmaids (2011), The Heat (2013), Spy (2015), Ghostbusters (2016), A Simple Favor (2018), Last Christmas (2019)",,
Paul Greengrass,"The Bourne Supremacy (2004), United 93 (2006), The Bourne Ultimatum (2007), Green Zone (2010), Captain Phillips (2013), Jason Bourne (2016), 22 July (2018), News of the World (2020)",United 93 (2006),
Paul Thomas Anderson,"Hard Eight (1997), Boogie Nights (1997), Magnolia (1999), Punch-Drunk Love (2002), There Will Be Blood (2007), The Master (2012), Inherent Vice (2014), Phantom Thread (2017), Licorice Pizza (2021)","There Will Be Blood (2007), Phantom Thread (2017), Licorice Pizza (2021)",
Paul Verhoeven,"RoboCop (1987), Total Recall (1990), Basic Instinct (1992), Showgirls (1995), Starship Troopers (1997), Hollow Man (2000)",,
Paul W. S. Anderson,"Mortal Kombat (1995), Event Horizon (1997), Soldier (1998), Resident Evil (2002), Alien vs. Predator (2004), Death Race (2008), Resident Evil: Afterlife (2010), The Three Musketeers (2011), Resident Evil: Retribution (2012), Pompeii (2014), Resident Evil: The Final Chapter (2017), Monster Hunter (2020)",,
Penny Marshall,"Jumpin' Jack Flash (1986), Big (1988), Awakenings (1990), A League of Their Own (1992), Renaissance Man (1994), The Preacher's Wife (1996), Riding in Cars with Boys (2001)",,
Pete Docter,"Monsters, Inc. (2001), Up (2009), Inside Out (2015), Soul (2020)",,
Peter Berg,"Very Bad Things (1998), The Rundown (2003), Friday Night Lights (2004), The Kingdom (2007), Hancock (2008), Battleship (2012), Lone Survivor (2013), Deepwater Horizon (2016), Patriots Day (2016), Mile 22 (2018), Spenser Confidential (2020)",,
Peter Bogdanovich,"The Last Picture Show (1971), What's Up, Doc? (1972), Paper Moon (1973), They All Laughed (1981), Mask (1985)",The Last Picture Show (1971),
Peter Jackson,"Bad Taste (1989), Dead Alive (1993), Heavenly Creatures (1994), Meet the Feebles (1995), The Frighteners (1996), The Lord of the Rings: The Fellowship of the Ring (2001), The Lord of the Rings: The Two Towers (2002), The Lord of the Rings: The Return of the King (2003), King Kong (2005), The Lovely Bones (2009), The Hobbit: An Unexpected Journey (2012), The Hobbit: The Desolation of Smaug (2013), The Hobbit: The Battle of the Five Armies (2014)","The Lord of the Rings: The Fellowship of the Ring (2001), The Lord of the Rings: The Return of the King (2003)",
Peter Weir,"The Year of Living Dangerously (1983), Witness (1985), The Mosquito Coast (1986), Dead Poets Society (1989), Fearless (1993), The Truman Show (1998), Master and Commander: The Far Side of the World (2003), The Way Back (2010)","Witness (1985), Dead Poets Society (1989), The Truman Show (1998), Master and Commander: The Far Side of the World (2003)",
Peyton Reed,"Bring It On (2000), Down with Love (2003), The Break-Up (2006), Yes Man (2008), Ant-Man (2015), Ant-Man and the Wasp (2018)",,
Quentin Tarantino,"Reservoir Dogs (1992), Pulp Fiction (1994), Four Rooms (1995), Jackie Brown (1997), Kill Bill: Volume 1 (2003), Kill Bill: Volume 2 (2004), Sin City (2005), Grindhouse (2007), Inglourious Basterds (2009), Django Unchained (2012), The Hateful Eight (2015), Once Upon a Time in Hollywood (2019)","Pulp Fiction (1994), Inglourious Basterds (2009), Once Upon a Time in Hollywood (2019)",
Rebecca Hall,Passing (2021),,
Richard Attenborough,"A Bridge Too Far (1977), Gandhi (1982), A Chorus Line (1985), Cry Freedom (1987), Chaplin (1992), Shadowlands (1993), In Love and War (1996)",Gandhi (1982),
Richard Donner,"Salt and Pepper (1968), The Omen (1976), Superman (1978), Inside Moves (1980), The Toy (1982), Ladyhawke (1985), The Goonies (1985), Lethal Weapon (1987), Scrooged (1988), Lethal Weapon 2 (1989), Radio Flyer (1992), Lethal Weapon 3 (1992), Maverick (1994), Assassins (1995), Conspiracy Theory (1997), Lethal Weapon 4 (1998), Timeline (2003), 16 Blocks (2006)",,
Richard Lester,"A Hard Day's Night (1964), Robin and Marian (1976), Superman II (1981), Superman III (1983), Finders Keepers (1984)",,
Richard Linklater,"Slacker (1991), Dazed and Confused (1993), Before Sunrise (1995), The Newton Boys (1998), School of Rock (2003), Before Sunset (2004), Bad News Bears (2005), A Scanner Darkly (2006), Fast Food Nation (2006), Me and Orson Welles (2009), Bernie (2012), Before Midnight (2013), Boyhood (2014), Everybody Wants Some!! (2016), Last Flag Flying (2017), Where'd You Go, Bernadette (2019)",Boyhood (2014),
Richard Marquand,"Return of the Jedi (1983), Jagged Edge (1985)",,
Richard Pryor,"Jo Jo Dancer, Your Life Is Calling (1986)",,
Rick Famuyiwa,"The Wood (1999), Brown Sugar (2002), Dope (2015)",,
Rick Moranis,Strange Brew (1983),,
Ridley Scott,"Alien (1979), Blade Runner (1982), Legend (1986), Someone to Watch Over Me (1987), Black Rain (1989), Thelma & Louise (1991), 1492: Conquest of Paradise (1992), White Squall (1996), G.I. Jane (1997), Gladiator (2000), Black Hawk Down (2001), Matchstick Men (2003), Kingdom of Heaven (2005), A Good Year (2006), American Gangster (2007), Body of Lies (2008), Robin Hood (2010), Prometheus (2012), The Counselor (2013), Exodus: Gods and Kings (2014), The Martian (2015), Alien: Covenant (2017), All the Money in the World (2017), The Last Duel (2021), House of Gucci (2021)","Thelma & Louise (1991), Gladiator (2000), Black Hawk Down (2001)",
Rob Cohen,"Dragon: The Bruce Lee Story (1993), Dragonheart (1996), Daylight (1996), The Skulls (2000), The Fast and the Furious (2001), XXX (2002), Stealth (2005), The Mummy: Tomb of the Dragon Emperor (2008), Alex Cross (2012), The Boy Next Door (2015), The Hurricane Heist (2018)",,
Rob Marshall,"Chicago (2002), Memoirs of a Geisha (2005), Nine (2009), Pirates of the Caribbean: On Stranger Tides (2011), Into the Woods (2014), Mary Poppins Returns (2018)",Chicago (2002),
Rob Minkoff,"The Lion King (1994), Stuart Little (1999), Stuart Little 2 (2002), The Haunted Mansion (2003), The Forbidden Kingdom (2008), Mr. Peabody & Sherman (2014)",,
Rob Reiner,"This Is Spinal Tap (1984), The Sure Thing (1985), Stand by Me (1986), The Princess Bride (1987), When Harry Met Sally... (1989), Misery (1990), A Few Good Men (1992), North (1994), The American President (1995), Ghosts of Mississippi (1996), The Story of Us (1999), Alex & Emma (2003), Rumor Has It (2005), The Bucket List (2007), Flipped (2010), And So It Goes (2014), LBJ (2017)",,
Rob Zombie,"House of 1000 Corpses (2003), The Devil's Rejects (2005), Grindhouse (2007), Halloween (2007), Halloween II (2009), The Lords of Salem (2013)",,
Robert Altman,"M*A*S*H (1970), The Long Goodbye (1973), Nashville (1975), Buffalo Bill and the Indians, or Sitting Bull's History Lesson (1976), Popeye (1980), The Player (1992), Short Cuts (1993), The Gingerbread Man (1998), Gosford Park (2001), A Prairie Home Companion (2006)","M*A*S*H (1970), Nashville (1975), The Player (1992), Short Cuts (1993), Gosford Park (2001)",
Robert De Niro,"A Bronx Tale (1993), The Good Shepherd (2006)",,
Robert Redford,"Ordinary People (1980), A River Runs Through It (1992), Quiz Show (1994), The Horse Whisperer (1998), The Legend of Bagger Vance (2000), Lions for Lambs (2007), The Company You Keep (2013)","Ordinary People (1980), Quiz Show (1994)",
Robert Rodriguez,"El Mariachi (1993), Desperado (1995), Four Rooms (1995), From Dusk till Dawn (1996), The Faculty (1998), Spy Kids (2001), Spy Kids 2: The Island of Lost Dreams (2002), Spy Kids 3-D: Game Over (2003), Once Upon a Time in Mexico (2003), Sin City (2005), The Adventures of Sharkboy and Lavagirl in 3-D (2005), Grindhouse (2007), Shorts (2009), Machete (2010), Spy Kids: All the Time in the World (2011), Machete Kills (2013), Sin City: A Dame to Kill For (2014), Alita: Battle Angel (2019), We Can Be Heroes (2020)",,
Robert Stromberg,Maleficent (2014),,
Robert Townsend,"Hollywood Shuffle (1987), Eddie Murphy Raw (1987), The Meteor Man (1993), B.A.P.S. (1997)",,
Robert Zemeckis,"I Wanna Hold Your Hand (1978), Used Cars (1980), Romancing the Stone (1984), Back to the Future (1985), Who Framed Roger Rabbit (1988), Back to the Future Part II (1989), Back to the Future Part III (1990), Death Becomes Her (1992), Forrest Gump (1994), Contact (1997), What Lies Beneath (2000), Cast Away (2000), The Polar Express (2004), Beowulf (2007), A Christmas Carol (2009), Flight (2012), The Walk (2015), Allied (2016), Welcome to Marwen (2018), The Witches (2020)",Forrest Gump (1994),
Roger Allers,"The Lion King (1994), Open Season (2006)",,
Roger Spottiswoode,"Terror Train (1980), The Best of Times (1986), Turner & Hooch (1989), Air America (1990), Tomorrow Never Dies (1997), The 6th Day (2000)",,
Roland Emmerich,"Universal Soldier (1992), Stargate (1994), Independence Day (1996), Godzilla (1998), The Patriot (2000), The Day After Tomorrow (2004), 10,000 BC (2008), 2012 (2009), Anonymous (2011), White House Down (2013), Independence Day: Resurgence (2016), Midway (2019)",,
Ron Howard,"Grand Theft Auto (1977), Night Shift (1982), Splash (1984), Cocoon (1985), Gung Ho (1986), Willow (1988), Parenthood (1989), Backdraft (1991), Far and Away (1992), The Paper (1994), Apollo 13 (1995), Ransom (1996), EDtv (1999), How the Grinch Stole Christmas (2000), A Beautiful Mind (2001), The Missing (2003), Cinderella Man (2005), The Da Vinci Code (2006), Frost/Nixon (2008), Angels & Demons (2009), The Dilemma (2011), Rush (2013), In the Heart of the Sea (2015), Inferno (2016), Solo: A Star Wars Story (2018), Hillbilly Elegy (2020)","A Beautiful Mind (2001), Frost/Nixon (2008)",
Ron Shelton,"Bull Durham (1988), White Men Can't Jump (1992), Cobb (1994), Tin Cup (1996), Play It to the Bone (1999), Hollywood Homicide (2003)",,
Ryan Coogler,"Fruitvale Station (2013), Creed (2015), Black Panther (2018)",,
RZA,The Man with the Iron Fists (2012),,
Sam Mendes,"American Beauty (1999), Road to Perdition (2002), Jarhead (2005), Revolutionary Road (2008), Skyfall (2012), Spectre (2015), 1917 (2019)","American Beauty (1999), 1917 (2019)",
Sam Raimi,"The Evil Dead (1983), Evil Dead II (1987), Darkman (1990), Army of Darkness (1993), The Quick and the Dead (1995), A Simple Plan (1998), For Love of the Game (1999), The Gift (2000), Spider-Man (2002), Spider-Man 2 (2004), Spider-Man 3 (2007), Drag Me to Hell (2009), Oz the Great and Powerful (2013)",,
Sean Penn,Into the Wild (2007),,
Seth Rogen,"This Is the End (2013), The Interview (2014)",,
Shawn Levy,"Big Fat Liar (2002), Just Married (2003), Cheaper by the Dozen (2003), The Pink Panther (2006), Night at the Museum (2006), Date Night (2010), Night at the Museum: Battle of the Smithsonian (2009), Real Steel (2011), The Internship (2013), This Is Where I Leave You (2014), Night at the Museum: Secret of the Tomb (2014), Free Guy (2021)",,
Sidney Lumet,"12 Angry Men (1957), The Hill (1965), The Anderson Tapes (1971), Serpico (1973), Murder on the Orient Express (1974), Dog Day Afternoon (1975), Network (1976), The Wiz (1978), The Verdict (1982), Running on Empty (1988), Family Business (1989), Find Me Guilty (2006), Before the Devil Knows You're Dead (2007)","12 Angry Men (1957), Dog Day Afternoon (1975), Network (1976), The Verdict (1982)",
Sidney Poitier,Stir Crazy (1980),,
Sofia Coppola,"The Virgin Suicides (2000), Lost in Translation (2003), Marie Antoinette (2006), The Bling Ring (2013), The Beguiled (2017), On the Rocks (2020)",Lost in Translation (2003),
Spike Lee,"She's Gotta Have It (1986), School Daze (1988), Do the Right Thing (1989), Mo' Better Blues (1990), Jungle Fever (1991), Malcolm X (1992), Clockers (1995), Girl 6 (1996), Get on the Bus (1996), 4 Little Girls (1997), Summer of Sam (1999), Bamboozled (2000), 25th Hour (2002), She Hate Me (2004), Inside Man (2006), Miracle at St. Anna (2008), Red Hook Summer (2012), Oldboy (2013), Da Sweet Blood of Jesus (2015), Chi-Raq (2015), Pass Over (2018), BlacKkKlansman (2018), Da 5 Bloods (2020)",BlacKkKlansman (2018),
Stanley Kubrick,"Fear and Desire (1953), The Killing (1956), Paths of Glory (1957), Spartacus (1960), Lolita (1962), Dr. Strangelove or: How I Learned to Stop Worrying and Love the Bomb (1964), 2001: A Space Odyssey (1968), A Clockwork Orange (1971), Barry Lyndon (1975), The Shining (1980), Full Metal Jacket (1987), Eyes Wide Shut (1999)","Dr. Strangelove or: How I Learned to Stop Worrying and Love the Bomb (1964), 2001: A Space Odyssey (1968), A Clockwork Orange (1971), Barry Lyndon (1975)",
Stephen King,Maximum Overdrive (1986),,
Stephen Merchant,Fighting with My Family (2019),,
Stephen Sommers,"Rudyard Kipling's The Jungle Book (1994), Deep Rising (1998), The Mummy (1999), The Mummy Returns (2001), Van Helsing (2004), G.I. Joe: The Rise of Cobra (2009), Odd Thomas (2014)",,
Steve McQueen,"Hunger (2008), Shame (2011), 12 Years a Slave (2013), Widows (2018)",12 Years a Slave (2013),
Steven Soderbergh,"Sex, Lies, and Videotape (1989), Out of Sight (1998), Erin Brockovich (2000), Traffic (2000), Ocean's Eleven (2001), Full Frontal (2002), Solaris (2002), Ocean's Twelve (2004), Ocean's Thirteen (2007), The Informant! (2009), Contagion (2011), Haywire (2012), Magic Mike (2012), Logan Lucky (2017), Unsane (2018), High Flying Bird (2019), The Laundromat (2019), Let Them All Talk (2020), No Sudden Move (2021)","Erin Brockovich (2000), Traffic (2000)",
Steven Spielberg,"The Sugarland Express (1974), Jaws (1975), Close Encounters of the Third Kind (1977), 1941 (1979), Raiders of the Lost Ark (1981), E.T. the Extra-Terrestrial (1982), Twilight Zone: The Movie (1983), Indiana Jones and the Temple of Doom (1984), The Color Purple (1985), Empire of the Sun (1987), Indiana Jones and the Last Crusade (1989), Always (1989), Hook (1991), Jurassic Park (1993), Schindler's List (1993), The Lost World: Jurassic Park (1997), Amistad (1997), Saving Private Ryan (1998), A.I. Artificial Intelligence (2001), Minority Report (2002), Catch Me If You Can (2002), The Terminal (2004), War of the Worlds (2005), Munich (2005), Indiana Jones and the Kingdom of the Crystal Skull (2008), The Adventures of Tintin (2011), War Horse (2011), Lincoln (2012), Bridge of Spies (2015), The BFG (2016), The Post (2017), Ready Player One (2018), West Side Story (2021)","Close Encounters of the Third Kind (1977), Raiders of the Lost Ark (1981), E.T. the Extra-Terrestrial (1982), Schindler’s List (1993), Saving Private Ryan (1998), Munich (2005), Lincoln (2012), West Side Story (2021)",
Sydney Pollack,"They Shoot Horses, Don't They? (1969), Jeremiah Johnson (1972), The Way We Were (1973), Three Days of the Condor (1975), The Electric Horseman (1979), Tootsie (1982), Out of Africa (1985), Havana (1990), The Firm (1993), Sabrina (1995), Random Hearts (1999), The Interpreter (2005)","They Shoot Horses, Don't They? (1969), Tootsie (1982), Out of Africa (1985)",
Sylvester Stallone,"Paradise Alley (1978), Rocky II (1979), Rocky III (1982), Staying Alive (1983), Rocky IV (1985), Rocky Balboa (2006), Rambo (2008), The Expendables (2010)",,
Taika Waititi,"Eagle vs Shark (2007), What We Do in the Shadows (2015), Hunt for the Wilderpeople (2016), Thor: Ragnarok (2017), Jojo Rabbit (2019)",,
Tate Taylor,"The Help (2011), Get on Up (2014), The Girl on the Train (2016), Ma (2019), Ava (2020)",,
Taylor Hackford,"An Officer and a Gentleman (1982), Against All Odds (1984), Dolores Claiborne (1995), The Devil's Advocate (1997), Proof of Life (2000), Ray (2004), Parker (2013)",Ray (2004),
Terence Young,"Dr. No (1963), From Russia with Love (1964), Thunderball (1965), Wait Until Dark (1967)",,
Terry Gilliam,"Monty Python and the Holy Grail (1975), Time Bandits (1981), Brazil (1985), The Fisher King (1991), 12 Monkeys (1995), Fear and Loathing in Las Vegas (1998), The Brothers Grimm (2005), The Imaginarium of Doctor Parnassus (2009), The Zero Theorem (2014)",,
Tim Burton,"Pee-wee's Big Adventure (1985), Beetlejuice (1988), Batman (1989), Edward Scissorhands (1990), Batman Returns (1992), Ed Wood (1994), Mars Attacks! (1996), Sleepy Hollow (1999), Planet of the Apes (2001), Big Fish (2003), Charlie and the Chocolate Factory (2005), Corpse Bride (2005), Sweeney Todd: The Demon Barber of Fleet Street (2007), Alice in Wonderland (2010), Dark Shadows (2012), Frankenweenie (2012), Big Eyes (2014), Miss Peregrine's Home for Peculiar Children (2016), Dumbo (2019)",,
Tim Robbins,"Dead Man Walking (1995), Cradle Will Rock (1999)",Dead Man Walking (1995),
Tim Story,"Barbershop (2002), Taxi (2004), Fantastic Four (2005), Fantastic Four: Rise of the Silver Surfer (2007), Think Like a Man (2012), Ride Along (2014), Think Like a Man Too (2014), Ride Along 2 (2016), Shaft (2019), Tom & Jerry (2021)",,
Tod Williams,Paranormal Activity 2 (2010),,
Todd Phillips,"Road Trip (2000), Old School (2003), Starsky & Hutch (2004), School for Scoundrels (2006), The Hangover (2009), Due Date (2010), The Hangover Part II (2011), The Hangover Part III (2013), War Dogs (2016), Joker (2019)",Joker (2019),
Tom Hanks,"That Thing You Do! (1996), Larry Crowne (2011)",,
Tom Hooper,"The King's Speech (2010), Les Misérables (2012), The Danish Girl (2015), Cats (2019)",The King's Speech (2010),
Tony Gilroy,"Michael Clayton (2007), Duplicity (2009), The Bourne Legacy (2012)",Michael Clayton (2007),
Tony Scott,"The Hunger (1983), Top Gun (1986), Beverly Hills Cop II (1987), Revenge (1990), Days of Thunder (1990), The Last Boy Scout (1991), True Romance (1993), Crimson Tide (1995), The Fan (1996), Enemy of the State (1998), Spy Game (2001), Man on Fire (2004), Domino (2005), Déjà Vu (2006), The Taking of Pelham 123 (2009), Unstoppable (2010)",,
Travis Knight,"Kubo and the Two Strings (2016), Bumblebee (2018)",,
Tyler Perry,"Madea's Family Reunion (2006), Daddy's Little Girls (2007), Why Did I Get Married? (2007), Meet the Browns (2008), The Family That Preys (2008), Madea Goes to Jail (2009), I Can Do Bad All by Myself (2009), For Colored Girls (2010), Madea's Big Happy Family (2011), Good Deeds (2012), Madea's Witness Protection (2012), Temptation: Confessions of a Marriage Counselor (2013), A Madea Christmas (2013), The Single Moms Club (2014), Boo! A Madea Halloween (2016), Boo 2! A Madea Halloween (2017), Acrimony (2018), Nobody's Fool (2018), A Madea Family Funeral (2019)",,
Victor Fleming,"Captains Courageous (1937), The Wizard of Oz (1939), Gone with the Wind (1939)",Gone with the Wind (1939),
Warren Beatty,"Heaven Can Wait (1978), Reds (1981), Dick Tracy (1990), Bulworth (1998)","Heaven Can Wait (1978), Reds (1981)",
Wes Anderson,"Bottle Rocket (1996), Rushmore (1998), The Royal Tenenbaums (2001), The Life Aquatic with Steve Zissou (2004), The Darjeeling Limited (2007), Fantastic Mr. Fox (2009), Moonrise Kingdom (2012), The Grand Budapest Hotel (2014), Isle of Dogs (2018), The French Dispatch of the Liberty, Kansas Evening Sun (2021)",The Grand Budapest Hotel (2014),
Wes Craven,"The Last House on the Left (1972), The Hills Have Eyes (1977), Deadly Blessing (1981), Swamp Thing (1982), A Nightmare on Elm Street (1984), Deadly Friend (1986), The Serpent and the Rainbow (1988), Shocker (1989), The People Under the Stairs (1991), Wes Craven's New Nightmare (1994), Vampire in Brooklyn (1995), Scream (1996), Scream 2 (1997), Music of the Heart (1999), Scream 3 (2000), Cursed (2005), Red Eye (2005), My Soul to Take (2010), Scream 4 (2011)",,
William Friedkin,"The French Connection (1971), The Exorcist (1973), The Guardian (1990), Blue Chips (1994), Rules of Engagement (2000), Killer Joe (2012)","The French Connection (1971), The Exorcist (1973)",
William Wyler,"Dodsworth (1936), Wuthering Heights (1939), The Letter (1940), The Little Foxes (1941), Mrs. Miniver (1942), The Best Years of Our Lives (1946), The Heiress (1949), Detective Story (1951), Roman Holiday (1953), Friendly Persuasion (1956), Ben-Hur (1959), The Children's Hour (1961), The Collector (1965), How to Steal a Million (1966), Funny Girl (1968)","Dodsworth (1936), Wuthering Heights (1939), The Letter (1940), The Little Foxes (1941), Mrs. Miniver (1942), The Best Years of Our Lives (1946), The Heiress (1949), Detective Story (1951), Roman Holiday (1953), Friendly Persuasion (1956), Ben-Hur (1959), The Collector (1965)",
Wolfgang Petersen,"Das Boot (1982), The NeverEnding Story (1984), Enemy Mine (1985), In the Line of Fire (1993), Outbreak (1995), Air Force One (1997), The Perfect Storm (2000), Troy (2004), Poseidon (2006)",Das Boot (1982),
Woody Allen,"Everything You Always Wanted to Know About Sex* (*But Were Afraid to Ask) (1972), Annie Hall (1977), Interiors (1978), Manhattan (1979), Broadway Danny Rose (1984), The Purple Rose of Cairo (1985), Hannah and Her Sisters (1986), Radio Days (1987), New York Stories (1989), Crimes and Misdemeanors (1989), Husbands and Wives (1992), Manhattan Murder Mystery (1993), Bullets over Broadway (1994), Mighty Aphrodite (1995), Everyone Says I Love You (1996), Deconstructing Harry (1997), Celebrity (1998), The Curse of the Jade Scorpion (2001), Match Point (2005), Vicky Cristina Barcelona (2008), Midnight in Paris (2011), Blue Jasmine (2013), Café Society (2016), Wonder Wheel (2017)","Annie Hall (1977), Interiors (1978), Broadway Danny Rose (1984), Hannah and Her Sisters (1986), Crimes and Misdemeanors (1989), Bullets over Broadway (1994), Midnight in Paris (2011)",
Yorgos Lanthimos,"The Lobster (2016), The Killing of a Sacred Deer (2017), The Favourite (2018)",The Favourite (2018),
Zack Snyder,"Dawn of the Dead (2004), 300 (2007), Watchmen (2009), Legend of the Guardians: The Owls of Ga'Hoole (2010), Sucker Punch (2011), Man of Steel (2013), Batman v Superman: Dawn of Justice (2016), Justice League (2017), Zack Snyder's Justice League (2021), Army of the Dead (2021)",,