Name,Lead,Supporting,Notes
Abigail Breslin,,Little Miss Sunshine (2006),
Adam Driver,Marriage Story (2019),BlacKkKlansman (2018),
Adriana Barraza,,Babel (2006),
Adrien Brody,The Pianist (2002),,
Al Pacino,"Serpico (1973), The Godfather Part II (1974), Dog Day Afternoon (1975), ...And Justice for All. (1979), Scent of a Woman (1992)","The Godfather (1972), Dick Tracy (1990), Glengarry Glen Ross (1992), The Irishman (2019)",
Alan Alda,,The Aviator (2004),
Alan Arkin,"The Russians Are Coming, the Russians Are Coming (1966), The Heart Is a Lonely Hunter (1968)","Little Miss Sunshine (2006), Argo (2012)",
Albert Brooks,,Broadcast News (1987),
Albert Finney,"Tom Jones (1963), Murder on the Orient Express (1974), The Dresser (1983), Under the Volcano (1984)",Erin Brockovich (2000),
Alec Baldwin,,The Cooler (2003),
Alec Guinness,"The Lavender Hill Mob (1952), The Bridge on the River Kwai (1957)","Star Wars (1977), Little Dorrit (1988)",
Alicia Vikander,,The Danish Girl (2015),
Allison Janney,,"I, Tonya (2017)",
Amanda Seyfried,,Mank (2020),
Amy Adams,American Hustle (2013),"Junebug (2005), Doubt (2008), The Fighter (2010), The Master (2012), Vice (2018)",
Amy Ryan,,Gone Baby Gone (2007),
Andra Day,The United States vs. Billie Holiday (2021),,
Andrew Garfield,"Hacksaw Ridge (2016), Tick, Tick... Boom! (2021)",,
Andy García,,The Godfather Part III (1990),
Angela Bassett,What's Love Got to Do with It (1993),,
Angela Lansbury,,"Gaslight (1944), The Picture of Dorian Gray (1945), The Manchurian Candidate (1962)",
Angelina Jolie,Changeling (2008),"Girl, Interrupted (1999)",
Anjelica Huston,The Grifters (1990),"Prizzi’s Honor (1985), Enemies, A Love Story (1989)",
Ann Sothern,,The Whales of August (1987),
Anna Kendrick,,Up in the Air (2009),
Anna Paquin,,The Piano (1993),
Anne Archer,,Fatal Attraction (1987),
Anne Hathaway,Rachel Getting Married (2008),Les Misérables (2012),
Anne Ramsey,,Throw Momma from the Train (1987),
Annette Bening,"American Beauty (1999), Being Julia (2004), The Kids Are All Right (2010)",The Grifters (1990),
Anthony Hopkins,"The Silence of the Lambs (1991), The Remains of the Day (1993), Nixon (1995), The Father (2021)","Amistad (1997), The Two Popes (2019)",
Anthony Perkins,,Friendly Persuasion (1956),
Antonio Banderas,Pain and Glory (2019),,
Ariana DeBose,,West Side Story (2021),
Armin Mueller-Stahl,,Shine (1996),
Audrey Hepburn,"Roman Holiday (1953), Sabrina (1954), The Nun's Story (1959), Breakfast at Tiffany's (1961), Wait Until Dark (1967)",,
Aunjanue Ellis,,King Richard (2021),
Barbara Hershey,,The Portrait of a Lady (1996),
Barbra Streisand,"Funny Girl (1968), The Way We Were (1973)",,
Barkhad Abdi,,Captain Phillips (2013),
Ben Kingsley,"Gandhi (1982), House of Sand and Fog (2003)","Bugsy (1991), Sexy Beast (2001)",
Benedict Cumberbatch,"The Imitation Game (2014), The Power of the Dog (2021)",,
Benicio del Toro,,"Traffic (2000), 21 Grams (2003)",
Bérénice Bejo,,The Artist (2011),
Bette Davis,"Dangerous (1935), Jezebel (1938), Dark Victory (1939), The Letter (1940), The Little Foxes (1941), Now, Voyager (1942), Mr. Skeffington (1944), All About Eve (1950), The Star (1952), What Ever Happened to Baby Jane? (1962)",,
Bette Midler,"The Rose (1979), For the Boys (1991)",,
Bill Murray,Lost in Translation (2003),,
Billy Bob Thornton,Sling Blade (1996),A Simple Plan (1998),
Brad Dourif,,One Flew Over the Cuckoo’s Nest (1975),
Brad Pitt,"The Curious Case of Benjamin Button (2008), Moneyball (2011)","12 Monkeys (1995), Once Upon a Time in Hollywood (2019)",
Bradley Cooper,"Silver Linings Playbook (2012), American Sniper (2014), A Star Is Born (2018)",American Hustle (2013),
Brenda Blethyn,Secrets & Lies (1996),Little Voice (1998),
Brenda Fricker,,My Left Foot: The Story of Christy Brown (1989),
Brie Larson,Room (2015),,
Bruce Davison,Longtime Companion (1990),,
Bruce Dern,Nebraska (2013),Coming Home (1978),
Bryan Cranston,Trumbo (2015),,
Burgess Meredith,,"The Day of the Locust (1975), Rocky (1976)",
Burt Reynolds,,Boogie Nights (1997),
Burt Young,,Rocky (1976),
Carey Mulligan,"An Education (2009), Promising Young Woman (2020)",,
Cary Grant,"Penny Serenade (1941), None but the Lonely Heart (1944)",,
Casey Affleck,Manchester by the Sea (2016),The Assassination of Jesse James by the Coward Robert Ford (2007),
Catalina Sandino Moreno,Maria Full of Grace (2004),,
Cate Blanchett,"Elizabeth (1998), Elizabeth: The Golden Age (2007), Blue Jasmine (2013), Carol (2015)","The Aviator (2004), Notes on a Scandal (2006), I'm Not There (2007)",
Catherine Deneuve,Indochine (1992),,
Catherine Keener,,"Being John Malkovich (1999), Capote (2005)",
Catherine Zeta-Jones,,Chicago (2002),
Chadwick Boseman,Ma Rainey's Black Bottom (2020),,
Charlize Theron,"Monster (2003), North Country (2005), Bombshell (2019)",,
Charlotte Rampling,45 Years (2015),,
Charlton Heston,Ben-Hur (1959),,
Chazz Palminteri,,Bullets over Broadway (1994),
Cher,Moonstruck (1987),Silkwood (1983),
Chiwetel Ejiofor,12 Years a Slave (2013),,
Chloë Sevigny,,Boys Don't Cry (1999),
Chris Cooper,,Adaptation (2002),
Christian Bale,"American Hustle (2013), Vice (2018)","The Fighter (2010), The Big Short (2015)",
Christoph Waltz,,"Inglourious Basterds (2009), Django Unchained (2012)",
Christopher Plummer,,"The Last Station (2009), Beginners (2011), All the Money in the World (2017)",
Christopher Walken,,"The Deer Hunter (1978), Catch Me If You Can (2002)",
Ciarán Hinds,,Belfast (2021),
Clint Eastwood,"Unforgiven (1992), Million Dollar Baby (2004)",,
Clive Owen,,Closer (2004),
Colin Firth,"A Single Man (2009), The King's Speech (2010)",,
Cuba Gooding Jr.,,Jerry Maguire (1996),
Cynthia Erivo,Harriet (2019),,
Dan Aykroyd,,Driving Miss Daisy (1989),
Daniel Day-Lewis,"My Left Foot: The Story of Christy Brown (1989), In the Name of the Father (1993), Gangs of New York (2002), There Will Be Blood (2007), Lincoln (2012), Phantom Thread (2017)",,
Daniel Kaluuya,Get Out (2017),Judas and the Black Messiah (2021),
Danny Aiello,,Do the Right Thing (1989),
David Paymer,,Mr. Saturday Night (1992),
David Strathairn,"Good Night, and Good Luck (2005)",,
Dean Stockwell,,Married to the Mob (1988),
Debra Winger,"An Officer and a Gentleman (1982), Terms of Endearment (1983), Shadowlands (1993)",,
Demián Bichir,A Better Life (2011),,
Dennis Hopper,,Hoosiers (1986),
Denzel Washington,"Malcolm X (1992), The Hurricane (1999), Training Day (2001), Flight (2012), Fences (2016), Roman J. Israel, Esq. (2017), The Tragedy of Macbeth (2021)","Cry Freedom (1987), Glory (1989)",
Dev Patel,,Lion (2016),
Dexter Gordon,Round Midnight (1986),,
Diane Keaton,"Annie Hall (1977), Reds (1981), Marvin's Room (1996), Something's Gotta Give (2003)",,
Diane Ladd,,"Alice Doesn't Live Here Anymore (1974), Wild at Heart (1990), Rambling Rose (1991)",
Diane Lane,Unfaithful (2002),,
Dianne Wiest,,"Hannah and Her Sisters (1986), Parenthood (1989), Bullets over Broadway (1994)",
Djimon Hounsou,,"In America (2003), Blood Diamond (2006)",
Don Cheadle,Hotel Rwanda (2004),,
Dorothy Dandridge,Carmen Jones (1954),,
Dustin Hoffman,"The Graduate (1967), Midnight Cowboy (1969), Lenny (1974), Kramer vs. Kramer (1979), Tootsie (1982), Rain Man (1988), Wag the Dog (1997)",,
Ed Harris,Pollock (2000),"Apollo 13 (1995), The Truman Show (1998), The Hours (2002)",
Eddie Murphy,,Dreamgirls (2006),
Eddie Redmayne,"The Theory of Everything (2014), The Danish Girl (2015)",,
Edward James Olmos,Stand and Deliver (1988),,
Edward Norton,American History X (1998),"Primal Fear (1996), Birdman or (The Unexpected Virtue of Ignorance) (2014)",
Elisabeth Shue,Leaving Las Vegas (1995),,
Elizabeth Taylor,"Raintree County (1957), Cat on a Hot Tin Roof (1958), Suddenly, Last Summer (1959), Butterfield 8 (1960), Who's Afraid of Virginia Woolf? (1966)",,
Ellen Burstyn,"The Exorcist (1973), Alice Doesn't Live Here Anymore (1974), Same Time, Next Year (1978), Resurrection (1980), Requiem for a Dream (2000)",The Last Picture Show (1971),
Elliot Page,Juno (2007),,
Elliott Gould,,Bob & Carol & Ted & Alice (1969),
Emily Watson,"Breaking the Waves (1996), Hilary and Jackie (1998)",,
Emma Stone,La La Land (2016),"Birdman or (The Unexpected Virtue of Ignorance) (2014), The Favourite (2018)",
Emma Thompson,"Howards End (1992), The Remains of the Day (1993), Sense and Sensibility (1995)",In the Name of the Father (1993),
Emmanuelle Riva,Amour (2012),,
Ethan Hawke,,"Training Day (2001), Boyhood (2014)",
Ethel Barrymore,,"None but the Lonely Heart (1944), The Spiral Staircase (1946), The Paradine Case (1947), Pinky (1949)",
Felicity Huffman,Transamerica (2005),,
Felicity Jones,The Theory of Everything (2014),,
Fernanda Montenegro,Central Station (1998),,
Florence Pugh,,Little Women (2019),
Forest Whitaker,The Last King of Scotland (2006),,
Frances McDormand,"Fargo (1996), Three Billboards Outside Ebbing, Missouri (2017), Nomadland (2020)","Mississippi Burning (1988), Almost Famous (2000), North Country (2005)",
Frank Langella,Frost/Nixon (2008),,
Gabourey Sidibe,Precious: Based on the Novel 'Push' by Sapphire (2009),,
Gary Busey,The Buddy Holly Story (1978),,
Gary Cooper,"Mr. Deeds Goes to Town (1936), Sergeant York (1941), The Pride of the Yankees (1942), For Whom the Bell Tolls (1943), High Noon (1952)",,
Gary Oldman,"Tinker Tailor Soldier Spy (2011), Darkest Hour (2017), Mank (2020)",,
Gary Sinise,,Forrest Gump (1994),
Geena Davis,Thelma & Louise (1991),The Accidental Tourist (1988),
Gene Hackman,"The French Connection (1971), Mississippi Burning (1988)","Bonnie and Clyde (1967), I Never Sang for My Father (1970), Unforgiven (1992)",
Gene Wilder,,The Producers (1968),
Geoffrey Rush,"Shine (1996), Quills (2000)","Shakespeare in Love (1998), The King's Speech (2010)",
George Clooney,"Michael Clayton (2007), Up in the Air (2009), The Descendants (2011)",Syriana (2005),
Gérard Depardieu,Cyrano de Bergerac (1990),,
Glenda Jackson,"Women in Love (1970), Sunday Bloody Sunday (1971), A Touch of Class (1973), Hedda (1975)",,
Glenn Close,"Fatal Attraction (1987), Dangerous Liaisons (1988), Albert Nobbs (2011), The Wife (2018)","The World According to Garp (1982), The Big Chill (1983), The Natural (1984), Hillbilly Elegy (2020)",
Gloria Stuart,,Titanic (1997),
Goldie Hawn,Private Benjamin (1980),Cactus Flower (1969),
Graham Greene,,Dances with Wolves (1990),
Greg Kinnear,,As Good as It Gets (1997),
Gwyneth Paltrow,Shakespeare in Love (1998),,
Hailee Steinfeld,,True Grit (2010),
Hal Holbrook,,Into the Wild (2007),
Haley Joel Osment,,The Sixth Sense (1999),
Halle Berry,Monster's Ball (2001),,
Harrison Ford,Witness (1985),,
Harvey Keitel,,Bugsy (1991),
Hattie McDaniel,,Gone with the Wind (1939),
Heath Ledger,Brokeback Mountain (2005),The Dark Knight (2008),
Helen Hunt,As Good as It Gets (1997),The Sessions (2012),
Helen Mirren,"The Queen (2006), The Last Station (2009)","The Madness of King George (1994), Gosford Park (2001)",
Helena Bonham Carter,The Wings of the Dove (1997),The King's Speech (2010),
Henry Fonda,"The Grapes of Wrath (1940), On Golden Pond (1981)",,
Hilary Swank,"Boys Don't Cry (1999), Million Dollar Baby (2004)",,
Holly Hunter,"Broadcast News (1987), The Piano (1993)","The Firm (1993), Thirteen (2003)",
Hugh Jackman,Les Misérables (2012),,
Ian McKellen,Gods and Monsters (1998),The Lord of the Rings: The Fellowship of the Ring (2001),
Imelda Staunton,Vera Drake (2004),,
Ingrid Bergman,"For Whom the Bell Tolls (1943), Gaslight (1944), The Bells of St. Mary's (1945), Joan of Arc (1948), Anastasia (1956), Autumn Sonata (1978)",Murder on the Orient Express (1974),
Isabelle Adjani,"The Story of Adele H. (1975), Camille Claudel (1989)",,
Isabelle Huppert,Elle (2016),,
J. K. Simmons,,"Whiplash (2014), Being the Ricardos (2021)",
Jack Lemmon,"Some Like It Hot (1959), The Apartment (1960), Days of Wine and Roses (1962), Save the Tiger (1973), The China Syndrome (1979), Tribute (1980), Missing (1982)",Mister Roberts (1955),
Jack Nicholson,"Five Easy Pieces (1970), The Last Detail (1973), Chinatown (1974), One Flew Over the Cuckoo’s Nest (1975), Prizzi’s Honor (1985), Ironweed (1987), As Good as It Gets (1997), About Schmidt (2002)","Easy Rider (1969), Reds (1981), Terms of Endearment (1983), A Few Good Men (1992)",
Jack Palance,,"Sudden Fear (1952), Shane (1953), City Slickers (1991)",
Jacki Weaver,,"Animal Kingdom (2010), Silver Linings Playbook (2012)",
Jackie Earle Haley,,Little Children (2006),
Jake Gyllenhaal,,Brokeback Mountain (2005),
James Caan,,The Godfather (1972),
James Coburn,,Affliction (1998),
James Cromwell,,Babe (1995),
James Dean,"East of Eden (1955), Giant (1956)",,
James Earl Jones,The Great White Hope (1970),,
James Franco,127 Hours (2010),,
James Stewart,"Mr. Smith Goes to Washington (1939), The Philadelphia Story (1940), It’s a Wonderful Life (1946), Harvey (1950), Anatomy of a Murder (1959)",,
James Woods,Salvador (1986),Ghosts of Mississippi (1996),
Jamie Foxx,Ray (2004),Collateral (2004),
Jane Fonda,"They Shoot Horses, Don't They? (1969), Klute (1971), Julia (1977), Coming Home (1978), The China Syndrome (1979), The Morning After (1986)",On Golden Pond (1981),
Janet Leigh,,Psycho (1960),
Janet McTeer,Tumbleweeds (1999),Albert Nobbs (2011),
Jared Leto,,Dallas Buyers Club (2013),
Javier Bardem,"Before Night Falls (2000), Biutiful (2010), Being the Ricardos (2021)",No Country for Old Men (2007),
Jaye Davidson,,The Crying Game (1992),
Jean Dujardin,The Artist (2011),,
Jeff Bridges,"Starman (1984), Crazy Heart (2009), True Grit (2010)","The Last Picture Show (1971), Thunderbolt and Lightfoot (1974), The Contender (2000), Hell or High Water (2016)",
Jennifer Connelly,,A Beautiful Mind (2001),
Jennifer Hudson,,Dreamgirls (2006),
Jennifer Jason Leigh,,The Hateful Eight (2015),
Jennifer Lawrence,"Winter's Bone (2010), Silver Linings Playbook (2012), Joy (2015)",American Hustle (2013),
Jennifer Tilly,,Bullets over Broadway (1994),
Jeremy Irons,Reversal of Fortune (1990),,
Jeremy Renner,The Hurt Locker (2009),The Town (2010),
Jesse Eisenberg,The Social Network (2010),,
Jesse Plemons,,The Power of the Dog (2021),
Jessica Chastain,"Zero Dark Thirty (2012), The Eyes of Tammy Faye (2021)",The Help (2011),
Jessica Lange,"Frances (1982), Country (1984), Sweet Dreams (1985), Music Box (1989), Blue Sky (1994)",Tootsie (1982),
Jessica Tandy,"Driving Miss Daisy (1989), Fried Green Tomatoes (1991)",,
Jessie Buckley,,The Lost Daughter (2021),
Jim Broadbent,,Iris (2001),
Joan Allen,The Contender (2000),"Nixon (1995), The Crucible (1996)",
Joan Crawford,"Mildred Pierce (1945), Possessed (1947), Sudden Fear (1952)",,
Joan Cusack,,"Working Girl (1988), In & Out (1997)",
Joan Plowright,,Enchanted April (1992),
Joanne Woodward,"The Three Faces of Eve (1957), Rachel, Rachel (1958), Summer Wishes, Winter Dreams (1973), Mr. and Mrs. Bridge (1990)",,
Joaquin Phoenix,"Walk the Line (2005), The Master (2012), Joker (2019)",Gladiator (2000),
Jodie Foster,"The Accused (1988), The Silence of the Lambs (1991), Nell (1994)",Taxi Driver (1976),
Joe Pesci,,"Raging Bull (1980), Goodfellas (1990), The Irishman (2019)",
John C. Reilly,,Chicago (2002),
John Hawkes,,Winter's Bone (2010),
John Hurt,The Elephant Man (1980),Midnight Express (1978),
John Lithgow,,"The World According to Garp (1982), Terms of Endearment (1983)",
John Malkovich,,"Places in the Heart (1984), In the Line of Fire (1993)",
John Travolta,"Saturday Night Fever (1977), Pulp Fiction (1994)",,
John Wayne,"Sands of Iwo Jima (1949), True Grit (1969)",,
Johnny Depp,"Pirates of the Caribbean: The Curse of the Black Pearl (2003), Finding Neverland (2004), Sweeney Todd: The Demon Barber of Fleet Street (2007)",,
Jon Voight,"Midnight Cowboy (1969), Coming Home (1978), Runaway Train (1985)",Ali (2001),
Jonah Hill,,"Moneyball (2011), The Wolf of Wall Street (2013)",
Jonathan Pryce,The Two Popes (2019),,
Josh Brolin,,Milk (2008),
Jude Law,Cold Mountain (2003),The Talented Mr. Ripley (1999),
Judi Dench,"Mrs Brown (1997), Iris (2001), Mrs Henderson Presents (2005), Notes on a Scandal (2006), Philomena (2013)","Shakespeare in Love (1998), Chocolat (2000), Belfast (2021)",
Judy Davis,A Passage to India (1984),Husbands and Wives (1992),
Julia Roberts,"Pretty Woman (1990), Erin Brockovich (2000)","Steel Magnolias (1989), August: Osage County (2013)",
Julianne Moore,"The End of the Affair (1999), Far from Heaven (2002), Still Alice (2014)","Boogie Nights (1997), The Hours (2002)",
Julie Andrews,"Mary Poppins (1964), The Sound of Music (1965), Victor/Victoria (1982)",,
Julie Christie,"Darling (1965), McCabe & Mrs. Miller (1971), Afterglow (1997), Away from Her (2007)",,
Julie Walters,Educating Rita (1983),Billy Elliot (2000),
Juliette Binoche,Chocolat (2000),The English Patient (1996),
Juliette Lewis,,Cape Fear (1991),
June Squibb,,Nebraska (2013),
Justin Henry,,Kramer vs. Kramer (1979),
Kate Hudson,,Almost Famous (2000),
Kate Nelligan,,The Prince of Tides (1991),
Kate Winslet,"Titanic (1997), Eternal Sunshine of the Spotless Mind (2004), Little Children (2006), The Reader (2008)","Sense and Sensibility (1995), Iris (2001), Steve Jobs (2015)",
Katharine Hepburn,"Morning Glory (1933), Alice Adams (1935), The Philadelphia Story (1940), Woman of the Year (1942), The African Queen (1951), Summertime (1955), The Rainmaker (1956), Suddenly, Last Summer (1959), Long Day's Journey into Night (1962), Guess Who's Coming to Dinner (1967), The Lion In Winter (1968), On Golden Pond (1981)",,
Kathleen Quinlan,,Apollo 13 (1995),
Kathy Bates,Misery (1990),"Primary Colors (1998), About Schmidt (2002), Richard Jewell (2019)",
Keira Knightley,Pride & Prejudice (2005),The Imitation Game (2014),
Keisha Castle-Hughes,Whale Rider (2003),,
Ken Watanabe,,The Last Samurai (2003),
Kenneth Branagh,Henry V (1989),My Week with Marilyn (2011),
Kevin Costner,Dances with Wolves (1990),,
Kevin Kline,,A Fish Called Wanda (1988),
Kevin Spacey,American Beauty (1999),The Usual Suspects (1995),
Kim Basinger,,L.A. Confidential (1997),
Kirk Douglas,"Champion (1949), The Bad and the Beautiful (1952), Lust for Life (1956)",,
Kirsten Dunst,,The Power of the Dog (2021),
Kodi Smit-McPhee,,The Power of the Dog (2021),
Kristen Stewart,Spencer (2021),,
Kristin Scott Thomas,The English Patient (1996),,
Lady Gaga,A Star Is Born (2018),,
Lakeith Stanfield,,Judas and the Black Messiah (2021),
Laura Dern,Rambling Rose (1991),"Wild (2014), Marriage Story (2019)",
Laura Linney,"You Can Count On Me (2000), The Savages (2007)",Kinsey (2004),
Lauren Bacall,,The Mirror Has Two Faces (1996),
Laurence Fishburne,What's Love Got to Do with It (1993),,
Laurie Metcalf,,Lady Bird (2017),
Lena Olin,,"Enemies, A Love Story (1989)",
Leonardo DiCaprio,"The Aviator (2004), Blood Diamond (2006), The Wolf of Wall Street (2013), The Revenant (2015), Once Upon a Time in Hollywood (2019)",What's Eating Gilbert Grape (1993),
Lesley Manville,,Phantom Thread (2017),
Liam Neeson,Schindler’s List (1993),,
Lily Tomlin,,Nashville (1975),
Linda Blair,,The Exorcist (1973),
Linda Hunt,,The Year of Living Dangerously (1983),
Lionel Barrymore,A Free Soul (1931),,
Lorraine Bracco,,Goodfellas (1990),
Lucas Hedges,,Manchester by the Sea (2016),
Lupita Nyong'o,,12 Years a Slave (2013),
Lynn Redgrave,Georgy Girl (1966),Gods and Monsters (1998),
Maggie Gyllenhaal,,Crazy Heart (2009),
Maggie Smith,"The Prime of Miss Jean Brodie (1969), Travels with My Aunt (1972)","Othello (1965), California Suite (1978), A Room with a View (1986), Gosford Park (2001)",
Mahershala Ali,,"Moonlight (2016), Green Book (2018)",
Marcello Mastroianni,"Divorce Italian Style (1962), A Special Day (1977), Dark Eyes (1987)",,
Marcia Gay Harden,,"Pollock (2000), Mystic River (2003)",
Mare Winningham,,Georgia (1995),
Margot Robbie,"I, Tonya (2017)",Bombshell (2019),
Maria Bakalova,,Borat Subsequent Moviefilm: Delivery of Prodigious Bribe to American Regime for Make Benefit Once Glorious Nation of Kazakhstan (2020),
Marianne Jean-Baptiste,,Secrets & Lies (1996),
Marina de Tavira,,Roma (2018),
Marion Cotillard,"La Vie en rose (2007), Two Days, One Night (2014)",,
Marisa Tomei,,"My Cousin Vinny (1992), In the Bedroom (2001), The Wrestler (2008)",
Mark Ruffalo,,"The Kids Are All Right (2010), Foxcatcher (2014), Spotlight (2015)",
Mark Rylance,,Bridge of Spies (2015),
Mark Wahlberg,,The Departed (2006),
Marlee Matlin,Children of a Lesser God (1986),,
Marlon Brando,"A Streetcar Named Desire (1951), Viva Zapata! (1952), Julius Caesar (1953), On the Waterfront (1954), Sayonara (1957), The Godfather (1972), Last Tango in Paris (1973)",A Dry White Season (1989),
Martin Landau,,"Tucker: The Man and His Dream (1988), Crimes and Misdemeanors (1989), Ed Wood (1994)",
Mary Elizabeth Mastrantonio,,The Color of Money (1986),
Mary J. Blige,,Mudbound (2017),
Mary McDonnell,Passion Fish (1992),Dances with Wolves (1990),
Massimo Troisi,Il Postino: The Postman (1995),,
Matt Damon,"Good Will Hunting (1997), The Martian (2015)",Invictus (2009),
Matt Dillon,,Crash (2005),
Matthew McConaughey,Dallas Buyers Club (2013),,
Max von Sydow,Pelle the Conqueror (1988),Extremely Loud & Incredibly Close (2011),
Melanie Griffith,Working Girl (1988),,
Melissa Leo,Frozen River (2008),The Fighter (2010),
Melissa McCarthy,Can You Ever Forgive Me? (2018),Bridesmaids (2011),
Mercedes Ruehl,,The Fisher King (1991),
Meryl Streep,"The French Lieutenant's Woman (1981), Sophie's Choice (1982), Silkwood (1983), Out of Africa (1985), Ironweed (1987), A Cry in the Dark (1988), Postcards from the Edge (1990), The Bridges of Madison County (1995), One True Thing (1998), Music of the Heart (1999), The Devil Wears Prada (2006), Doubt (2008), Julie & Julia (2009), The Iron Lady (2011), August: Osage County (2013), Florence Foster Jenkins (2016), The Post (2017)","The Deer Hunter (1978), Kramer vs. Kramer (1979), Adaptation (2002), Into the Woods (2014)",
Michael Caine,"Alfie (1966), Sleuth (1972), Educating Rita (1983), The Quiet American (2002)","Hannah and Her Sisters (1986), The Cider House Rules (1999)",
Michael Clarke Duncan,,The Green Mile (1999),
Michael Douglas,Wall Street (1987),,
Michael Fassbender,Steve Jobs (2015),12 Years a Slave (2013),
Michael Keaton,Birdman or (The Unexpected Virtue of Ignorance) (2014),,
Michael Lerner,,Barton Fink (1991),
Michael Shannon,,"Revolutionary Road (2008), Nocturnal Animals (2016)",
Michelle Pfeiffer,"The Fabulous Baker Boys (1989), Love Field (1992)",Dangerous Liaisons (1988),
Michelle Williams,"Blue Valentine (2010), My Week with Marilyn (2011)","Brokeback Mountain (2005), Manchester by the Sea (2016)",
Mickey Rourke,The Wrestler (2008),,
Minnie Driver,,Good Will Hunting (1997),
Mira Sorvino,,Mighty Aphrodite (1995),
Miranda Richardson,Tom & Viv (1994),Damage (1992),
Mo'Nique,,Precious: Based on the Novel 'Push' by Sapphire (2009),
Morgan Freeman,"Driving Miss Daisy (1989), The Shawshank Redemption (1994), Invictus (2009)","Street Smart (1987), Million Dollar Baby (2004)",
Naomi Watts,"21 Grams (2003), The Impossible (2012)",,
Naomie Harris,,Moonlight (2016),
Natalie Portman,"Black Swan (2010), Jackie (2016)",Closer (2004),
Nick Nolte,"The Prince of Tides (1991), Affliction (1998)",Warrior (2011),
Nicolas Cage,"Leaving Las Vegas (1995), Adaptation (2002)",,
Nicole Kidman,"Moulin Rouge! (2001), The Hours (2002), Rabbit Hole (2010), Being the Ricardos (2021)",Lion (2016),
Nigel Hawthorne,The Madness of King George (1994),,
Norma Aleandro,,Gaby: A True Story (1987),
Octavia Spencer,,"The Help (2011), Hidden Figures (2016), The Shape of Water (2017)",
Olivia Colman,"The Favourite (2018), The Lost Daughter (2021)",The Father (2021),
Olympia Dukakis,,Moonstruck (1987),
Oprah Winfrey,,The Color Purple (1985),
Orson Welles,Citizen Kane (1941),,
Patricia Arquette,,Boyhood (2014),
Patricia Clarkson,,Pieces of April (2003),
Paul Giamatti,,Cinderella Man (2005),
Paul Newman,"Cat on a Hot Tin Roof (1958), The Hustler (1961), Hud (1963), Cool Hand Luke (1967), Absence of Malice (1981), The Verdict (1982), The Color of Money (1986), Nobody's Fool (1994)",Road to Perdition (2002),
Paul Raci,,Sound of Metal (2020),
Paul Scofield,A Man for All Seasons (1966),Quiz Show (1994),
Pauline Collins,Shirley Valentine (1989),,
Penélope Cruz,"Volver (2006), Parallel Mothers (2021)","Vicky Cristina Barcelona (2008), Nine (2009)",
Pete Postlethwaite,,In the Name of the Father (1993),
Peter Fonda,Ulee's Gold (1997),,
Peter O'Toole,"Lawrence of Arabia (1962), Becket (1964), The Lion In Winter (1968), Goodbye, Mr. Chips (1969), The Ruling Class (1972), The Stunt Man (1980), My Favorite Year (1982), Venus (2006)",,
Philip Seymour Hoffman,Capote (2005),"Charlie Wilson's War (2007), Doubt (2008), The Master (2012)",
Queen Latifah,,Chicago (2002),
Quvenzhané Wallis,Beasts of the Southern Wild (2012),,
Rachel Griffiths,,Hilary and Jackie (1998),
Rachel McAdams,,Spotlight (2015),
Rachel Weisz,,"The Constant Gardener (2005), The Favourite (2018)",
Ralph Fiennes,The English Patient (1996),Schindler’s List (1993),
Rami Malek,Bohemian Rhapsody (2018),,
Reese Witherspoon,"Walk the Line (2005), Wild (2014)",,
Regina King,,If Beale Street Could Talk (2018),
Renée Zellweger,"Bridget Jones's Diary (2001), Chicago (2002), Judy (2019)",Cold Mountain (2003),
Richard Dreyfuss,"The Goodbye Girl (1977), Mr. Holland's Opus (1995)",,
Richard E. Grant,,Can You Ever Forgive Me? (2018),
Richard Farnsworth,The Straight Story (1999),Comes a Horseman (1978),
Richard Harris,"This Sporting Life (1963), The Field (1990)",,
Richard Jenkins,The Visitor (2008),The Shape of Water (2017),
Rinko Kikuchi,,Babel (2006),
River Phoenix,,Running on Empty (1988),
Riz Ahmed,Sound of Metal (2020),,
Robert De Niro,"Taxi Driver (1976), The Deer Hunter (1978), Raging Bull (1980), Awakenings (1990), Cape Fear (1991)","The Godfather Part II (1974), Silver Linings Playbook (2012)",
Robert Downey Jr.,Chaplin (1992),Tropic Thunder (2008),
Robert Duvall,"The Great Santini (1980), Tender Mercies (1983), The Apostle (1997)","The Godfather (1972), Apocalypse Now (1979), A Civil Action (1998), The Judge (2014)",
Robert Forster,,Jackie Brown (1997),
Robert Redford,The Sting (1973),,
Roberto Benigni,Life Is Beautiful (1998),,
Robin Williams,"Good Morning, Vietnam (1987), Dead Poets Society (1989), The Fisher King (1991)",Good Will Hunting (1997),
Rooney Mara,The Girl with the Dragon Tattoo (2011),Carol (2015),
Rosamund Pike,Gone Girl (2014),,
Rosemary Harris,,Tom & Viv (1994),
Rosie Perez,,Fearless (1993),
Ruby Dee,,American Gangster (2007),
Russell Crowe,"The Insider (1999), Gladiator (2000), A Beautiful Mind (2001)",,
Ruth Negga,Loving (2016),,
Ryan Gosling,"Half Nelson (2006), La La Land (2016)",,
Sacha Baron Cohen,,The Trial of the Chicago 7 (2020),
Sally Field,"Norma Rae (1979), Places in the Heart (1984)",Lincoln (2012),
Sally Hawkins,The Shape of Water (2017),Blue Jasmine (2013),
Sally Kirkland,Anna (1987),,
Salma Hayek,Frida (2002),,
Sam Elliott,,A Star Is Born (2018),
Sam Rockwell,,"Three Billboards Outside Ebbing, Missouri (2017), Vice (2018)",
Samantha Morton,In America (2003),Sweet and Lowdown (1999),
Samuel L. Jackson,,Pulp Fiction (1994),
Sandra Bullock,"The Blind Side (2009), Gravity (2013)",,
Saoirse Ronan,"Brooklyn (2015), Lady Bird (2017), Little Women (2019)",Atonement (2007),
Scarlett Johansson,Marriage Story (2019),Jojo Rabbit (2019),
Sean Connery,,The Untouchables (1987),
Sean Penn,"Dead Man Walking (1995), Sweet and Lowdown (1999), I Am Sam (2001), Mystic River (2003), Milk (2008)",,
Sharon Stone,Casino (1995),,
Shirley MacLaine,"Some Came Running (1958), The Apartment (1960), Irma la Douce (1963), The Turning Point (1977), Terms of Endearment (1983)",,
Shohreh Aghdashloo,,House of Sand and Fog (2003),
Sidney Poitier,"The Defiant Ones (1958), Lilies of the Field (1963)",,
Sigourney Weaver,"Aliens (1986), Gorillas in the Mist (1988)",Working Girl (1988),
Sissy Spacek,"Carrie (1976), Coal Miner's Daughter (1980), Missing (1982), The River (1984), Crimes of the Heart (1986), In the Bedroom (2001)",,
Sophie Okonedo,,Hotel Rwanda (2004),
Spencer Tracy,"San Francisco (1936), Captains Courageous (1937), Boys Town (1938), Father of the Bride (1950), Bad Day at Black Rock (1955), The Old Man and the Sea (1958), Inherit the Wind (1960), Judgment at Nuremberg (1961), Guess Who's Coming to Dinner (1967)",,
Stanley Tucci,,The Lovely Bones (2009),
Stephen Rea,The Crying Game (1992),,
Steve Carell,Foxcatcher (2014),,
Steve McQueen,The Sand Pebbles (1966),,
Steven Yeun,Minari (2020),,
Stockard Channing,Six Degrees of Separation (1993),,
Susan Sarandon,"Atlantic City (1981), Thelma & Louise (1991), Lorenzo's Oil (1992), The Client (1994), Dead Man Walking (1995)",,
Sylvester Stallone,Rocky (1976),Creed (2015),
Talia Shire,Rocky (1976),The Godfather Part II (1974),
Taraji P. Henson,,The Curious Case of Benjamin Button (2008),
Terrence Howard,Hustle & Flow (2005),,
Thomas Haden Church,,Sideways (2004),
Tilda Swinton,,Michael Clayton (2007),
Tim Robbins,,Mystic River (2003),
Tim Roth,,Rob Roy (1995),
Timothée Chalamet,Call Me By Your Name (2017),,
Timothy Hutton,,Ordinary People (1980),
Tom Cruise,"Born on the Fourth of July (1989), Jerry Maguire (1996)",Magnolia (1999),
Tom Hanks,"Big (1988), Philadelphia (1993), Forrest Gump (1994), Saving Private Ryan (1998), Cast Away (2000)",A Beautiful Day in the Neighborhood (2019),
Tom Hardy,,The Revenant (2015),
Tom Wilkinson,In the Bedroom (2001),Michael Clayton (2007),
Tommy Lee Jones,In the Valley of Elah (2007),"JFK (1991), The Fugitive (1993), Lincoln (2012)",
Toni Collette,,The Sixth Sense (1999),
Troy Kotsur,,CODA (2021),
Uma Thurman,,Pulp Fiction (1994),
Vanessa Kirby,Pieces of a Woman (2020),,
Vanessa Redgrave,"Morgan! (1966), Isadora (1968), Mary, Queen of Scots (1971), The Bostonians (1984)","Julia (1977), Howards End (1992)",
Vera Farmiga,,Up in the Air (2009),
Viggo Mortensen,"Eastern Promises (2007), Captain Fantastic (2016), Green Book (2018)",,
Vincent Gardenia,,"Bang the Drum Slowly (1973), Moonstruck (1987)",
Viola Davis,"The Help (2011), Ma Rainey's Black Bottom (2020)","Doubt (2008), Fences (2016)",
Virginia Madsen,,Sideways (2004),
Vivien Leigh,"Gone with the Wind (1939), A Streetcar Named Desire (1951)",,
Warren Beatty,"Bonnie and Clyde (1967), Heaven Can Wait (1978), Reds (1981), Bugsy (1991)",,
Whoopi Goldberg,The Color Purple (1985),Ghost (1990),
Will Smith,"Ali (2001), The Pursuit of Happyness (2006), King Richard (2021)",,
Willem Dafoe,At Eternity's Gate (2018),"Platoon (1986), Shadow of the Vampire (2000), The Florida Project (2017)",
William H. Macy,,Fargo (1996),
William Hurt,"Kiss of the Spider Woman (1985), Children of a Lesser God (1986), Broadcast News (1987)",A History of Violence (2005),
Winona Ryder,Little Women (1994),The Age of Innocence (1993),
Woody Allen,Annie Hall (1977),,
Woody Harrelson,The People vs. Larry Flynt (1996),"The Messenger (2009), Three Billboards Outside Ebbing, Missouri (2017)",
Yalitza Aparicio,Roma (2018),,
Youn Yuh-jung,,Minari (2020),
Yul Brynner,The King and I (1956),,